step,datetime,GPP,H,LE,SW_rad,T_air_C,J_GPP_Vcmax25,J_GPP_T_air,J_GPP_SW_rad,J_GPP_q,J_GPP_dpai,J_H_Vcmax25,J_H_T_air,J_H_SW_rad,J_H_q,J_H_dpai,J_LE_Vcmax25,J_LE_T_air,J_LE_SW_rad,J_LE_q,J_LE_dpai
1,2007-05-01 00:00,30.918757943280387,-94.78311923396551,338.1956840627404,388.50386181152146,28.425469970703148,14.143925573682163,-48.69162467442116,10.701357753983407,-0.15363207256633524,7.692401386006599,-54.689870980445924,8997.579102758145,117.53554999636006,69.790143432554,20.444785328324045,60.41999937770599,-9238.102692543907,200.03834897167548,-72.95981933518789,67.23555158401761
7,2007-05-01 03:00,-1.9119127711262263e-17,-84.45822643476117,2.9545115826357455,0.0,22.738458251953148,-2.5684257282482045e-17,-3.020828292876986e-18,0.0,-1.1848793482531695e-20,-4.4506873162310776e-17,0.0,-1827.3212985933303,0.0,1.5935086194158146,-12.542347756635918,0.0,91.85191028984669,0.0,-1.696501909542138,3.1013111853951294
13,2007-05-01 06:00,2.92059200497001e-17,-60.08581868148153,0.9972527252805566,0.0,15.647485351562523,-4.736940973228493e-17,-4.996276546167111e-21,0.0,0.0,5.6411858434646e-17,0.0,-1787.2561348646486,0.0,1.3545507846097955,22.132870422396664,0.0,88.95095369914745,0.0,-1.4318862204275327,1.337469132774087
19,2007-05-01 09:00,7.4069449796706e-18,-54.727017015443906,-0.535423650167838,0.0,10.491082763671898,-1.146783064118985e-16,9.999831105119522e-21,0.0,0.0,1.1341473932439777e-16,0.0,-1711.3300747530682,0.0,1.2684497064648423,41.33105863672919,0.0,85.22174269131303,0.0,-1.349632585951131,0.061572772696334294
25,2007-05-01 12:00,-2.3775228147989136e-18,-49.84866956776554,-0.9381874352996777,0.0,8.680688476562523,7.031566082092477e-17,-6.453412377482035e-21,0.0,0.0,-4.517438603951192e-17,0.0,-1757.558839825373,0.0,1.0725900393941175,53.92426023220689,0.0,87.5523414064191,0.0,-1.1305083779855885,-0.408341158654538
31,2007-05-01 15:00,28.325624052397373,97.77493342117373,56.731545173654794,254.78707519355885,11.976312255859398,10.975952827263269,-0.0539511563025096,12.657914829385458,0.0,6.869036933969177,-9.727300712231893,-6413.254597231003,147.91602096390628,73.96798808765368,59.94868097942489,10.288831214610001,5146.372295025634,79.90173713468602,-78.56988951617379,41.26445460600839
37,2007-05-01 18:00,34.13990955112881,131.04958771364448,347.78441769163044,720.240950250909,19.611260986328148,15.903702979873097,-0.11937458872542672,11.100998228728766,0.0,9.463668339119838,-68.15132917266939,-6028.067532406373,280.43413432638704,68.69754766605304,63.34466981871329,73.46214345968335,4989.299035013857,263.1415938340143,-74.75276458043865,118.87606517470545
43,2007-05-01 21:00,30.536255853289916,-35.543385711225575,310.06921854783474,354.81150625577243,22.577539062500023,13.76779976369296,-0.06276533524514465,10.985568054808388,0.0,7.540397171494834,-66.03185955860441,-7219.2445539604505,122.48348429265508,84.03816682585114,25.998628971168486,69.49701937868203,5898.267504921269,178.43614590182094,-89.0242912493938,80.10516234949537
49,2007-05-02 00:00,22.617839587470456,-14.03235392874294,139.02457880771433,138.2924226678112,20.360253906250023,4.373754959264248,0.6911527540704936,16.520633313447387,0.0031432422691153377,5.620860732297029,-6.714655242178635,-6669.360800181362,26.95924013466098,108.08229634516758,29.588402609438035,6.92627372158934,5160.748958994317,123.81711707549269,-112.11820626383941,36.14705744672305
55,2007-05-02 03:00,4.313917141418813e-17,-17.309612395036535,1.034151452168345,0.0,16.822930908203148,5.1449960828976816e-17,3.6893675260132885e-21,0.0,0.0,7.708281188287312e-18,0.0,-1792.709305865099,0.0,1.7716084957325422,27.550003242807243,0.0,89.092447897782,0.0,-1.8702956239343815,1.336167540673978
61,2007-05-02 06:00,-7.585180266661443e-17,1.5863418339100632,0.08164153530825835,0.0,14.178155517578148,-1.7561192743389163e-17,4.63845390670933e-21,0.0,0.0,-5.815746888834965e-17,0.0,-1742.9525634120712,0.0,1.9225635329340156,40.96796180202472,0.0,86.56193450691022,0.0,-2.0380470677825513,0.5283618624653296
67,2007-05-02 09:00,3.2569042582516833e-17,9.157909201281221,-0.24747013494726253,0.0,13.046960449218773,3.8544143106549985e-17,-2.3707012387066826e-20,0.0,0.0,-3.52505333554537e-18,0.0,-1657.6718429554123,0.0,1.964660878317569,41.48535342721281,0.0,82.32422534792683,0.0,-2.1063039867571116,0.4098439400644104
73,2007-05-02 12:00,1.1142439697725835e-16,3.8851138361555297,-0.3827332504947596,0.0,12.968041992187523,-2.059169074414116e-17,-3.6861334612776404e-20,0.0,0.0,1.0296111107832248e-16,0.0,-1703.0450300505263,0.0,2.0230149511848743,43.34372475111576,0.0,84.60779935992032,0.0,-2.154525768880028,0.21796556344151558
79,2007-05-02 15:00,9.799898493426532,71.17461882681857,-8.97775758415228,35.03500689783751,13.087060546875023,0.4338014926184343,-0.002404079127753697,9.068317735277482,0.0,2.536301853264811,-1.171582737155715,-3482.899894012762,59.499314145674724,50.8313923565522,57.99410944697995,1.2335628611962197,1938.4744651384913,-5.3937284125255704,-53.41267358016122,4.747658171609386
85,2007-05-02 18:00,34.73060204283167,293.61441309336567,234.8946604071561,751.3442540542285,16.480523681640648,16.611540793595193,-0.06409921081582025,11.29070269914908,0.0,9.64917638907585,-68.12968579882705,-8562.652309836907,369.6856196489908,134.78669689734258,125.01381317117063,71.1215851716003,7212.746004290964,199.19250578211154,-141.42510971143926,92.41166310190142
91,2007-05-02 21:00,31.1240696262914,94.96122816514676,189.75411692701798,384.5975400152844,17.619653320312523,14.363573800928467,-0.053465173030637386,10.864192375936362,0.0,7.751767048669418,-47.30444766048691,-7875.512934915713,185.53599516516715,112.14831884987015,66.12471986818676,49.38382143004822,6488.806850315888,134.57952528348432,-117.66221670203238,62.92121041424523
97,2007-05-03 00:00,27.472811955596377,2.229802533208666,149.35275708721974,223.8316458578584,16.980981445312523,9.655312528040275,-0.02921430484856304,13.88384491466963,0.0,6.673367282337201,-24.799648776350164,-7778.375968069291,96.86273722551726,83.23303365004095,46.199798546911765,25.659226642970143,6265.750270144387,114.57169861193078,-86.48956239512044,45.01569852201908
103,2007-05-03 03:00,0.01978969641494766,-63.43552549941772,0.533500158582044,0.028616665512912892,13.935693359375023,0.0008326974999852383,1.7225179392657936e-07,0.019778760071037734,0.0,0.004207422889742125,0.0,-1762.3010811885304,0.07660969347225065,1.2573894891420883,27.55208803374491,0.0,87.37663660205665,0.000196632766209529,-1.3321184560086448,0.9485783708128982
109,2007-05-03 06:00,7.610731948836647e-17,-62.82434079452668,-0.24258038158535233,0.0,10.912774658203148,6.043502843370739e-18,-1.652935785150916e-20,0.0,0.0,1.2911908376209066e-16,0.0,-1702.3859939813449,0.0,1.0998349816141377,36.98323002521655,0.0,84.28350936993185,0.0,-1.1725381542531217,0.343899945774395
115,2007-05-03 09:00,1.4867303523005304e-16,-55.58593894389031,-0.6174986889529268,0.0,9.514062500000023,-6.873482351330416e-17,-4.156468567138395e-20,0.0,0.0,1.7990829782358057e-16,0.0,-1705.556235878068,0.0,1.0512801150274622,44.82053050437902,0.0,84.38665509817933,0.0,-1.1182614768633568,-0.004448257760586161
121,2007-05-03 12:00,4.03751913100985e-17,-62.57295497137028,-0.43605509937149906,0.0,8.054467773437523,1.1765833085507943e-17,-2.3660813949553823e-20,0.0,0.0,6.772381016890066e-17,0.0,-1333.1852578082264,0.0,0.8274808491280734,22.662018785482694,0.0,66.05010246413585,0.0,-0.932396500062625,0.7867371636777419
127,2007-05-03 15:00,28.13261564014633,103.93936446819701,59.758045775330764,256.4158609488043,10.327874755859398,10.828281628999097,-0.08483045544776262,12.351029640556341,0.0,6.816666004744463,-7.9689224667970535,-4886.701607067375,134.13668890490055,56.558978128149406,46.2123707863876,8.660704041703038,3866.3753650953727,91.46269402572784,-61.80125853762861,47.97599401764229
133,2007-05-03 18:00,34.33730852969669,247.0287283359246,236.63730781283203,723.1448314680633,13.905297851562523,16.14960655003432,-0.09951178135524553,11.167645426574344,0.0,9.513404122135894,-54.30554971642986,-6674.338756946102,322.8155752351594,70.73752199964223,97.1060208229406,57.91504785002318,5553.2281226035975,222.99877834553124,-75.99307312683678,104.15558276677248
139,2007-05-03 21:00,28.781365969737422,69.2399801609813,143.27268698367885,268.3002990183907,15.671868896484398,11.561594254138239,-0.04822902487404803,12.36938862183889,0.0,6.985106222173764,-26.66563875606334,-7035.11091206095,126.55055330824979,76.58103976519499,55.87116806351665,27.955759894543856,5682.074568542274,113.34033808759456,-80.72429588031696,51.99626775562499
145,2007-05-04 00:00,27.760249463592203,71.15619163420466,113.29319506246162,232.54275471771425,14.639642333984398,10.079304656854767,-0.03432720792064869,13.530834902338391,0.0,6.736834061286028,-19.411099518103693,-7448.293292687162,119.15755124970809,73.57321557913858,65.43030649703333,20.173378736543476,5997.33587190886,96.97971299175717,-76.81052555019906,41.367655139435726
151,2007-05-04 03:00,-5.951752161676979e-18,11.037268664305806,-0.28379161291447597,0.0,10.773095703125023,-3.1904151768039906e-17,-1.6081490382405233e-20,0.0,0.0,4.1840511326674636e-17,0.0,-1732.9198977942847,0.0,1.265447468177334,56.88336111204639,0.0,85.8473790432717,0.0,-1.3384429484409,0.21408304377060086
157,2007-05-04 06:00,4.8756753153433156e-17,17.493277488939803,-1.1320782045108821,0.0,8.817041015625023,8.852235999029479e-17,1.454396599736147e-20,0.0,0.0,1.3291172058192197e-16,0.0,-1658.9148285322815,0.0,1.57650003445119,59.95918112082469,0.0,82.27416563885501,0.0,-1.6822968015407507,-0.3550825339206014
163,2007-05-04 09:00,-2.1491680172154966e-17,6.02359663279747,-0.4562417935517091,0.0,8.214685058593773,8.801080396343115e-17,5.08784260791234e-20,0.0,0.0,-6.514782494332853e-17,0.0,-1318.8618916378812,0.0,1.245274949060736,35.46099292584114,0.0,65.62899300522913,0.0,-1.3965411926988252,0.7782076091613681
169,2007-05-04 12:00,7.199566812111022e-17,-6.339531683842757,0.09150550523922459,0.0,8.143884277343773,-5.721836180248631e-17,-2.86141958197219e-20,0.0,0.0,4.8683581617725125e-17,0.0,-1086.2410070839994,0.0,1.025644440771387,21.167354732144865,0.0,54.16080357778607,0.0,-1.1923557530925546,1.4165916163274554
175,2007-05-04 15:00,6.726273572659209,48.31965309544625,-7.094343071188251,20.33087417476583,8.847406005859398,0.2913760351457464,-0.0014598547283880495,6.186009677975077,0.0,1.7795630662758026,-1.5670287149517537,-2220.12181218402,39.87243624286444,18.707875412998792,44.226075474920926,1.7016461268405938,960.7667796019424,-5.444916792143823,-20.356486722907608,5.411423049593001
181,2007-05-04 18:00,28.619019037123046,203.9130270177267,17.96407584238154,259.15044996970886,11.485437011718773,11.285397149129018,-0.03643875171513847,12.705570076902031,0.0,6.942538716180134,-4.966084207247522,-7648.093093023208,179.67144007729672,109.60665576563574,102.34194520641688,5.169847857462444,6206.064497800896,52.83718160833138,-114.26111067142568,26.990937316784784
187,2007-05-04 21:00,34.08806555033798,274.0174013694998,181.36289834197527,627.6074135357944,14.885919189453148,16.33957685775714,-0.05624241898329673,11.11731370539847,0.0,9.21216733377295,-54.80724628728627,-8750.12078329272,331.2683118462943,120.63243291861569,124.50783034146532,57.0009415606764,7358.635912079379,160.20902612077458,-126.024041139342,74.77226894234789
193,2007-05-05 00:00,30.38935271434024,54.94538163274287,177.00316854316782,354.94959329657456,17.022546386718773,13.592941578158413,-0.08140336263175146,10.888480232768906,0.0,7.505461861480191,-33.58414183677479,-6143.672526741193,156.07591007362362,81.0879513512244,43.3774621513461,35.838048427106294,4980.418853635467,140.21077373291877,-87.16202197984342,64.36932720778279
199,2007-05-05 03:00,0.04106813822474963,-57.590353236747916,0.36370957055138065,0.059493749200505874,14.725793457031273,0.0017525633846837277,3.9904897128982544e-07,0.04102048138743815,0.0,0.00873531868918431,0.0,-1724.4800682008736,0.15807789935332134,1.6634324750589289,23.931278522593598,0.0,85.47011483152501,0.00045788339499199015,-1.7736870610127968,0.8403391049106023
205,2007-05-05 06:00,-9.406458327092357e-17,-49.10857801113135,-0.3110971701707367,0.0,12.058465576171898,2.999246390516755e-17,-5.363906117318985e-21,0.0,0.0,-1.1556701081277837e-16,0.0,-1738.2305465141424,0.0,1.5240865566511463,37.8278588745026,0.0,86.09343551980973,0.0,-1.616685575664913,0.20636537284188858
211,2007-05-05 09:00,3.0208045511258555e-17,-47.45871741272497,-0.6296744361295803,0.0,10.503167724609398,1.0463995647009904e-16,1.889062173797844e-20,0.0,0.0,-1.124345640278076e-16,0.0,-1715.9765375350703,0.0,1.3719848127542018,43.37381902204753,0.0,84.95986872372771,0.0,-1.457992389915823,-0.04187975745743172
217,2007-05-05 12:00,7.508289664031134e-17,-53.59248755774577,-0.2491490147863805,0.0,11.431512451171898,5.855798395702358e-17,-1.4926418729778743e-20,0.0,0.0,4.0122394979330235e-18,0.0,-1804.6156055517067,0.0,1.238905745089102,43.76218527600512,0.0,89.33862820698542,0.0,-1.2994379217693481,0.1433523128640045
223,2007-05-05 15:00,28.908870938707935,99.80143278009996,77.257891189011,264.22595098687617,13.518853759765648,11.601079853911559,-0.2808628755100091,12.711309788842092,-0.0006678903733181675,7.003653711550371,-19.61241326531957,-9380.195799260802,171.11245729798281,91.99953138683898,75.19709357652819,20.06224681409772,7679.635294254592,68.63812553290174,-94.47329468781973,41.64246433141733
229,2007-05-05 18:00,35.05280649401469,222.7420213444648,289.85229606252756,768.7434059826127,17.263452148437523,16.99077259798875,-1.0789240727953724,11.393293031136473,-0.002462905545138653,9.701238255243595,-102.61710073346536,-11093.356323088681,405.7855830772056,100.58409603685688,109.99720149499788,105.14385008427205,9403.92502358212,180.77085845311916,-103.5973455430858,108.13405472661242
235,2007-05-05 21:00,35.00930674527319,130.9022391087433,418.63105329478304,858.5211106118577,20.472497558593773,17.00924774293441,-1.8616632385796237,11.293682150131456,-0.003606062544720913,9.742178454109762,-142.1151611955403,-10660.14217021158,400.52712656327924,81.65019298338919,89.16976853825011,145.946777510737,8971.49340939229,232.8058722419703,-84.38579589974661,129.75786980897988
241,2007-05-06 00:00,31.766778363952138,-124.69135836639451,379.4919645926913,413.58451480600195,22.372094726562523,14.989588737831129,-2.0113929012162126,10.875327097336061,-0.0038604235260844394,7.9367733736032315,-113.62458170993823,-8887.320990604558,157.43586585995246,72.382934376262,27.41263429808471,116.88627375666215,7291.694739840521,187.92647317947623,-74.77692314609564,82.51248245908977
247,2007-05-06 03:00,0.022862353232006794,-85.04716973013672,2.5294668002878637,0.033069005136676446,19.451257324218773,0.0009640561555203917,1.6782596791589251e-07,0.02284773118178703,0.0,0.004860887999477011,0.0,-1852.5308272556827,0.08926520239344977,1.0278781627767222,1.5276475616993745,0.0,91.76638712731388,0.00018951224988339877,-1.0801383140789205,2.6992398304042524
253,2007-05-06 06:00,-7.776514047120081e-17,-75.26556681139029,1.8606636124705482,0.0,16.979150390625023,2.0488227317819425e-18,1.702001844547259e-20,0.0,0.0,-1.199282329664157e-16,0.0,-1833.5797834768052,0.0,0.9120656794787048,14.26254782220503,0.0,90.74140846350728,0.0,-0.9585373628832118,2.0932072706241955
259,2007-05-06 09:00,-6.081605369803253e-17,-63.4768307600089,0.5344333862851567,0.0,13.877038574218773,-2.24412674698041e-17,1.2364483091797731e-20,0.0,0.0,-7.177824049103929e-17,0.0,-1831.440566279976,0.0,1.2326202632571572,31.493718080534045,0.0,90.58463884841694,0.0,-1.2908569270129615,0.8439355955410995
265,2007-05-06 12:00,-3.92233540535008e-18,-68.33052439741732,1.1860363552035087,0.0,15.585565185546898,3.0852362203665496e-17,3.158403309234018e-19,0.0,8.706408220901087e-22,-6.498679404279568e-17,0.0,-1840.7378400711561,0.0,1.2334539200344332,25.91992943681905,0.0,91.76440524534718,0.0,-1.1931710084618103,1.3621423274878388
271,2007-05-06 15:00,28.61814951330853,-24.214144849925773,183.58664071634297,254.45760444703697,17.984704589843773,11.193500837802473,-0.8863573786532326,12.981773916611527,-0.0024720181320168145,6.911521484112246,-41.41670463029199,-9091.720630670745,111.6390633406765,98.32302980058307,36.623053413988885,42.435833127949266,7391.38606106908,122.4479415426658,-101.25257707290143,54.59172307191894
277,2007-05-06 18:00,35.0135958170012,34.28086161852311,464.4323457102174,762.2875177987225,23.527642822265648,16.956981164541997,-2.0418233505931145,11.382473961868115,-0.0056845044402210965,9.683832223260191,-151.81716781227044,-9805.382975008399,338.6529455677433,112.51646285767524,62.44868523833402,156.28734436845943,8231.98495639067,243.9667760255482,-116.51592629782174,126.4475615173491
283,2007-05-06 21:00,34.98151661854163,-41.59453679971246,578.7147543013932,840.9791500138388,27.883142089843773,16.945883874643144,-3.926268523362416,11.303657554374775,-0.011361673063636555,9.75535948459749,-174.55643911221586,-7214.224940328181,325.1806801346898,104.36598220212133,49.44994179658582,181.22928470099302,5898.1541749189855,297.2956905176169,-108.75613041275972,139.6059346954188
289,2007-05-07 00:00,31.563430499182374,-218.35246702502792,472.89328261354717,406.866313631398,29.883599853515648,14.797175330522546,-4.823775833450712,10.838357324009381,-0.01441070189248401,7.893813703813011,-118.29110658725622,-3359.3032310670483,112.50267441027232,88.61530612716385,6.817697974424874,124.13941316976286,2493.3549540728236,226.7247639748595,-92.22516205450042,81.71218858333035
295,2007-05-07 03:00,0.10753497597195252,-85.09863655366411,3.710999336521568,0.1566805871209219,25.355615234375023,0.004799664792781308,0.00019415123287410644,0.10719567658467177,7.851771357819496e-07,0.02290548699464153,0.0,-1724.1518666443283,0.4176714688568536,1.876717702793811,-22.83759462626821,0.0,79.09335934964894,0.0010567912142977216,-1.7621606862704835,3.6852862695046986
301,2007-05-07 06:00,8.036583607279367e-17,-71.1635651690542,2.4687819450869433,0.0,21.673516845703148,7.660443602133294e-17,6.899031910774281e-19,0.0,2.930640346501982e-21,1.2262897532934294e-16,0.0,-1813.665937816275,0.0,1.9268687242958,-3.8648945913909696,0.0,91.0059784086431,0.0,-1.8812921340763016,2.6100815948440164
307,2007-05-07 09:00,1.4737534475503526e-16,-67.13330724683082,1.7787841151635266,0.0,20.158624267578148,2.7691764654796496e-18,6.428845552069534e-19,0.0,3.0767006605209912e-21,4.528051946828176e-17,0.0,-1827.5336036776332,0.0,2.1796370159062417,4.6025131140855065,0.0,91.09340802143394,0.0,-2.1046909032956242,1.9313494781975429
313,2007-05-07 12:00,3.0938290547735206e-17,-65.01843927345038,1.2190799865367383,0.0,18.716882324218773,3.719682796695982e-17,2.1402614075424832e-18,0.0,1.0546590984579613e-20,7.245285503441995e-17,0.0,-1837.160321567253,0.0,2.2947848985760526,12.350168297767288,0.0,91.36679556517909,0.0,-2.202453928296956,1.376389507988859
319,2007-05-07 15:00,28.498768574708528,-17.21758576171604,179.30903316506078,258.23349332513,21.518487548828148,11.171255182806423,-0.04703983359014529,12.633769086981804,0.0,6.912305377060504,-31.30985799644316,-7105.848920879932,104.79396883319248,143.4033300364422,22.840472819470317,32.82705031275667,5726.147739713253,129.19223900797218,-151.22209752125264,52.25781370183176
325,2007-05-07 18:00,34.73400216216145,5.573904100492831,487.52962746151996,752.1796300195492,26.279779052734398,16.60694245752028,-22.33676149738875,11.292289911150446,-0.078283524102401,9.577475559186965,-124.78807023384886,-3456.1505382874434,290.15303445385223,119.91517953664228,56.010670568302324,131.1925659660613,1771.8444374955266,281.1510640442793,-127.61127225174963,118.6763484472313
331,2007-05-07 21:00,32.909402687609344,110.75295278344063,405.5581567918355,818.9349618723159,29.493463134765648,14.166993537047722,-0.24710291572533316,10.633681055506152,0.0,8.568553800616247,-30.762936675330533,-111.84554218401675,220.08020122938706,1.8003973547845118,57.02465252607348,38.09095958320525,74.0768565027076,342.0634888854906,-2.2091382894169005,96.64431135624845
337,2007-05-08 00:00,30.165618964124235,-11.49144752394941,272.6871381933906,393.15113548334034,31.029412841796898,13.250972750636834,-0.16821709921397685,10.249767989557343,0.0,6.992939340870336,-24.359718617332852,-269.5367376687503,112.15283003939687,3.812143118871941,56.234643334877184,29.11713173517604,212.53293138025552,196.06682814773615,-4.636065706205551,27.490538935047343
343,2007-05-08 03:00,0.049583069432294125,-72.55356951745134,3.4659959313363693,0.07187382279070567,29.735955810546898,0.00212663181433315,8.926200407787251e-07,0.04951330243005201,0.0,0.010553793176637169,0.0,-202.47819838207386,0.1657250914127379,0.14981322604499703,-8.716701449936513,0.0,10.322007779879284,0.0018159745053213162,-0.1995425815554192,2.8148630560614323
349,2007-05-08 06:00,-6.506673266719362e-18,-76.72464804275937,3.660404235076726,0.0,24.912835693359398,5.5212615750155074e-17,1.8611996524622393e-18,0.0,7.324630543033863e-21,-5.75912786218036e-18,0.0,-1835.9893724140386,0.0,1.6230950707921747,-19.556066549256418,0.0,85.95680805064622,0.0,-1.7370938043199156,3.6639042345885047
355,2007-05-08 09:00,-1.4453855872850308e-17,-54.75508380098795,1.583102693387104,0.0,19.472528076171898,5.824529732113096e-17,-4.160242318349369e-22,0.0,0.0,-3.8015188666848437e-17,0.0,-1791.8901917007354,0.0,1.9585047947978926,7.627808819203741,0.0,89.09426184134784,0.0,-2.0764710536244024,1.8474754463503618
361,2007-05-08 12:00,-5.861543753059219e-17,-44.71975097899826,0.6102387826362463,0.0,16.444146728515648,1.4475366547788054e-17,-9.90367884726283e-21,0.0,0.0,-3.4009357685049477e-17,0.0,-1804.9254532995299,0.0,1.9930725650972148,23.44781949599791,0.0,89.68707268927817,0.0,-2.1013170749698467,0.9407328678665211
367,2007-05-08 15:00,28.35346168112857,41.14323125464506,132.35006037589855,254.85579611845833,18.964776611328148,10.997746764363264,-0.05143696268282934,12.68162715847024,0.0,6.875923894463425,-22.050860091164182,-6715.446643904921,119.42150855620335,135.08915577900194,36.98220925765204,23.228493711354268,5394.355470944761,110.6560325719598,-143.15775904354678,47.40389651850816
373,2007-05-08 18:00,34.26414147396892,61.59069356184197,424.6607718049096,742.15267963834,27.133630371093773,16.050334572050065,-119.48633489350462,11.128018404195014,-0.60254559375555,9.50003492534697,-69.05514084326907,2641.6234826885034,243.65299593350616,75.1645573939766,42.52709821098734,77.02752090915467,-4985.34042949971,304.943314275039,-91.29317504641787,120.39106805929208
379,2007-05-08 21:00,33.95145873319917,88.57231459335615,442.37729438887334,836.1934112692622,30.504418945312523,15.679151702561882,-0.15407107947169485,10.951917564352318,0.0,9.012328784929954,-54.205142384328326,-682.0725432663841,240.7599543726312,10.592975607613754,75.81871830637769,63.08606565932791,558.7023546931081,343.99584765292366,-12.503989938742336,88.37202709853482
385,2007-05-09 00:00,30.688093906444102,-29.005398864188038,291.7708731361066,405.4815191155434,30.767633056640648,13.834242137938599,-0.1321904906924137,10.401988280259962,0.0,7.28394204541841,-32.2087066386401,-577.8216890668045,118.48790962815829,8.35249048733064,66.1338568681798,37.547178835320594,470.88526760506807,201.21188483033234,-9.915199103665087,21.992869191347545
391,2007-05-09 03:00,0.062293126283039034,-92.79772247914602,3.5794814896706817,0.09040767054375828,25.425744628906273,0.002696649228157437,0.0001316712541180067,0.06218215826361513,5.781960884587989e-07,0.013256017636509342,0.0,-1671.640604914593,0.24117585024232088,2.1891098874560773,-24.620278632442183,0.0,78.03232359068465,0.0006365000693055794,-1.9026602733110816,3.5707481914784847
397,2007-05-09 06:00,1.7906093416108347e-17,-76.66720268644329,1.872131680047758,0.0,19.714532470703148,-2.1461540784543995e-17,1.2697918110794008e-21,0.0,0.0,-7.950555312276136e-18,0.0,-1837.892338713898,0.0,1.7510122542266227,2.47112438843237,0.0,91.53771122837709,0.0,-1.8448722662355204,2.0867747247510127
403,2007-05-09 09:00,-7.397128747576868e-17,-54.883416584139454,0.43587020070422494,0.0,15.393579101562523,1.901415244362354e-17,3.211191072696614e-20,0.0,0.0,-1.6013118029014135e-16,0.0,-1810.8304440648915,0.0,1.8222985892745764,25.877216988196636,0.0,90.19924110604502,0.0,-1.9181096515237117,0.7787389843094179
409,2007-05-09 12:00,7.379699671718982e-17,-44.96020922343395,-0.38301068097737867,0.0,13.198358154296898,-1.464488885841719e-17,1.247422110510386e-20,0.0,0.0,8.310740804294588e-17,0.0,-1789.0059407289366,0.0,1.9411129893138452,37.07543995965578,0.0,89.120731652043,0.0,-2.0449299275019848,0.04606244020781021
415,2007-05-09 15:00,28.445792253776116,38.411373842828866,128.07601888863417,265.6462294933351,17.949243164062523,11.235907753595207,-0.07782561492421178,12.177563882534571,0.0,6.89919089418217,-18.227437514448113,-5448.938116873179,118.56271955547717,105.11488955292621,29.724952848936912,19.607815054832514,4338.686934300667,116.19770755520648,-113.98177262373102,50.743566599143406
421,2007-05-09 18:00,33.610680996135024,98.01781277622507,379.74997009536855,737.9021232342444,24.591577148437523,15.100475219782451,-0.19075494059681591,10.918416781965725,0.0,9.378730847783746,-52.75989289816442,-4149.1336787506125,251.15278870346629,78.01151999268498,45.122866912446725,58.98502219987516,3374.9175280441086,294.43733533357346,-88.41644073356538,120.43187753290937
427,2007-05-09 21:00,34.606808536742065,51.04894385522375,483.97965385302064,841.0769041230992,27.962152099609398,16.476194285740824,-36.43457351802851,11.177206484821232,-0.1529232907193259,9.676449661580138,-99.07332754111815,675.9174758223272,288.0313892430364,87.91546784278343,50.773892060810766,107.52577133044053,-1946.5711988788778,319.7060051201732,-97.06059807018958,131.64393581068242
433,2007-05-10 00:00,31.35540920580073,-93.00936457710296,353.35616320242275,411.0463728009502,27.701409912109398,14.543322914577368,-38.15633227927406,10.688478670479618,-0.15048718048169335,7.851343177281238,-65.79409845046558,5509.256618572689,131.2214623370089,96.25724993175399,21.775947698585398,71.44370312345951,-5950.208109560367,204.1178154742379,-101.06897742559333,71.6210222052206
439,2007-05-10 03:00,0.11161108661244785,-77.28502916666923,1.878306946222635,0.16267611243899602,21.131646728515648,0.0049952479005175325,9.674442105627445e-07,0.11124473161562179,0.0,0.023775142821799843,0.0,-1812.9516182528773,0.4335060823039558,2.138778875067713,-3.9292506462564893,0.0,90.24751644120228,0.0011015897824238781,-2.2660146136423576,2.1017745324565373
445,2007-05-10 06:00,1.399865196347153e-17,-54.643811409814404,0.40971489674108497,0.0,15.083489990234398,-2.4233476137566947e-17,-3.432866179730868e-20,0.0,0.0,6.196000877050056e-17,0.0,-1802.6022923790842,0.0,1.7466070246658603,26.894126465288906,0.0,89.58941142104452,0.0,-1.840163186302189,0.766094225847106
451,2007-05-10 09:00,1.3315279790974687e-16,-49.45845171471855,-0.5285274182280828,0.0,11.744622802734398,4.107908127272599e-17,-5.173355937088152e-21,0.0,0.0,9.693785461822699e-17,0.0,-1737.8262649243836,0.0,1.6358558813044208,39.14675062589523,0.0,86.33568497022131,0.0,-1.7349983260739092,0.009720360878962442
457,2007-05-10 12:00,-9.080103983823775e-19,-44.19569851309042,-1.0710245922760318,0.0,9.887506103515648,-2.2236644937922836e-17,1.0468000495998097e-20,0.0,0.0,5.3083836161777886e-18,0.0,-1748.1768859823135,0.0,1.588334866030756,49.32881006630116,0.0,86.81032058588153,0.0,-1.6782451979644473,-0.5152976753657852
463,2007-05-10 15:00,29.111044481063367,126.57532446239804,58.266776864829474,281.7847040417039,13.527703857421898,12.021497477360269,-0.05118657684351089,12.040938999830914,0.0,7.075249720104208,-12.092655790364182,-6982.402850279894,166.57020396595334,111.80220428219491,67.50955136265884,12.710781909304895,5652.819370543142,80.34796271344058,-117.97277330089679,40.480149641737796
469,2007-05-10 18:00,34.619223729653655,189.60255221989672,314.45181513365173,769.2738848054269,19.973901367187523,16.42902023225707,-0.08195641853916971,11.242937129463085,0.0,9.651093814198743,-78.46772352205222,-7679.718171093011,336.62998616084695,131.24383594948796,84.34917102176061,82.78147380557796,6431.151573952648,240.19616046154073,-139.38367544755448,112.07827961451952
475,2007-05-10 21:00,34.66113636952611,93.50845832943548,448.30868283138034,852.4286263179102,24.190850830078148,16.539790889739603,-0.0761092054959697,11.187384650603475,0.0,9.72007679315097,-114.03218570464193,-8112.138180827615,338.70616184102533,115.31959669476983,62.89883457127193,119.83609943022134,6806.706670339469,284.10972728815017,-121.98950203543973,136.90711185581566
481,2007-05-11 00:00,31.191312171380172,-79.23726390967033,320.84680924743316,385.9683935751116,25.108483886718773,14.43167445711709,-11.767818699247455,10.88432058834286,-0.057037291814276095,7.706610637146715,-79.48194439945416,-6506.028197775855,145.71801157057428,157.27545585287612,22.04193256615069,82.86914430501095,4997.605360305518,177.9166199123137,-164.76127855267816,70.63940923782187
487,2007-05-11 03:00,0.02082429847443146,-72.36337472523255,1.0532172935966135,0.030115267369696365,18.657952880859398,0.0008768039866544545,1.900831830552675e-07,0.02081218206652357,0.0,0.0044275099042163256,0.0,-1773.5987697217731,0.08039502139327666,2.1532748101175354,6.544154694312857,0.0,88.11534913732605,0.000218408749980725,-2.289187609753736,1.3920072739228984
493,2007-05-11 06:00,-3.05364330842897e-17,-49.2076536960837,-0.41589311066670587,0.0,12.533959960937523,1.3209432305561979e-16,9.411148797833162e-21,0.0,0.0,-7.886498493119748e-17,0.0,-1758.7591760232326,0.0,1.760559474284106,37.1402351912453,0.0,87.27816868747472,0.0,-1.8625137029690844,0.07213551490960726
499,2007-05-11 09:00,1.8892798864647484e-17,-44.191158812131235,-0.9353782111884681,0.0,10.738916015625023,-1.6359127274342818e-17,-4.116695058158483e-21,0.0,0.0,7.70477559956045e-18,0.0,-1726.192114569283,0.0,1.7323300757405722,44.0408314480758,0.0,85.73195403634635,0.0,-1.8383589372954101,-0.34304509292358115
505,2007-05-11 12:00,-5.788663130000453e-18,-43.01527709251144,-1.2562423811316836,0.0,8.815637207031273,-5.311268112160397e-17,-2.738335440065393e-21,0.0,0.0,2.0153113768284193e-18,0.0,-1633.860386701159,0.0,1.5371692547224909,44.33297092915832,0.0,81.17189810276263,0.0,-1.651866651464673,-0.38458941146237385
511,2007-05-11 15:00,29.683316122592437,141.08204921401241,66.10877557035124,320.2597780065689,12.568322753906273,12.813487965354517,-0.08714328464279793,11.176156683708891,0.0,7.2648372363793055,-11.983051396871929,-5544.619217917443,167.48390909818698,100.12094028705008,54.9295439744031,12.915167147638364,4458.038298393486,101.67625237919616,-108.44200591116406,51.60608738547468
517,2007-05-11 18:00,33.316051389474346,132.66030710867807,330.5651282303694,713.445690226501,21.124108886718773,14.769764958697172,-0.21377652267165279,10.825069833151307,0.0,9.272879561441785,-41.773153294129315,-3619.948245451893,245.59918581357007,69.8335848791423,47.888886233465136,47.26782952988909,2926.348711565733,281.8193526108865,-80.13675908893616,115.19367710324674
523,2007-05-11 21:00,34.65843885503931,116.03956924859946,384.1262603267011,741.704789282461,23.321099853515648,16.540343018999636,-0.06861052332057155,11.270668994395427,0.0,9.617839775858096,-101.91458603448713,-8470.46812634416,318.18246078968605,149.83705375310748,67.34999212569917,106.66202528096127,7122.353335095837,246.6651523873554,-157.7543471300003,118.97809241956907
529,2007-05-12 00:00,30.810765533943428,-43.760579660795926,278.34622025840576,358.6827733545432,23.239312744140648,14.059475236665842,-1.0351893405705526,11.08647568056032,-0.004724682753653402,7.604016893030183,-72.7350433031195,-8948.588389501689,147.61769344507005,159.79676948640014,23.56763760626913,75.23907087441209,7333.466950351294,157.77495846253606,-166.171546159588,72.90560691909111
535,2007-05-12 03:00,0.2922998649109573,-66.12251514265398,0.7730994349560278,0.4329101966763892,15.588830566406273,0.014837866319513048,2.6087822618011185e-06,0.28950259010049906,0.0,0.06252740923007509,0.0,-1774.974822841828,1.1412882919765786,1.526421221789065,20.628021063652827,0.0,88.19113918792802,0.0029193230185204705,-1.6169192105407504,1.1479210330982366
541,2007-05-12 06:00,4.98244127757999e-17,-45.5690024565148,-0.8406882836485412,0.0,10.445825195312523,-7.05476468417221e-17,-1.035717559584961e-21,0.0,0.0,7.5083056355498e-17,0.0,-1811.2862476982489,0.0,1.5046306116138406,51.03280265725208,0.0,89.87593881472462,0.0,-1.5743080405142142,-0.4355620492967768
547,2007-05-12 09:00,-5.1215835809467414e-17,-48.89393479243349,-1.1691959447633575,0.0,9.633355712890648,-1.379026229119013e-18,5.007029875915845e-21,0.0,0.0,-4.457759077554069e-17,0.0,-1801.4914514527911,0.0,1.5587602823206839,53.46588781591385,0.0,89.39684135433156,0.0,-1.6323392675229507,-0.7265862430777014
553,2007-05-12 12:00,-9.886178968500302e-17,-47.228981206355456,-1.431507409480044,0.0,8.371057128906273,1.0221922243766608e-16,2.2839100927471783e-20,0.0,0.0,-1.676957346189632e-16,0.0,-1764.8960477955095,0.0,1.440287279444802,56.868791857336134,0.0,87.58883352114921,0.0,-1.5153845204206233,-0.8923967003691715
559,2007-05-12 15:00,28.412324942328343,106.63595273443173,57.533779349232276,262.2846401120231,11.552728271484398,11.158280391103254,-0.07119070194036932,12.318237226824035,0.0,6.889874025910948,-8.929345249141962,-5586.096212734326,143.79506491477173,72.92377190718695,52.225390444293794,9.582539568313681,4454.6691929287135,87.19177228754586,-78.62932885006941,45.512020667069145
565,2007-05-12 18:00,34.12991762457912,167.55579226176076,325.570035501364,768.9036483176766,17.933862304687523,15.75060895362614,-0.1400046424728302,11.079649951168298,0.0,9.541224330588527,-58.676084836307304,-5361.160800680385,294.2801878148846,64.3302174301289,67.76281977275177,63.92646231956378,4416.702844925156,273.4084370820673,-70.8099330730926,120.47810149030602
571,2007-05-12 21:00,34.8642979783192,182.6993616964708,362.6957618390642,834.449819685911,21.197045898437523,16.774410852314972,-0.05640632884566753,11.273312597766392,0.0,9.758630082602032,-107.51654140696748,-9218.217141118595,378.48401793223405,142.29140595121567,95.69771600987538,111.65051872039382,7789.975717385325,238.25154519684511,-148.48071681383084,117.09337780920467
577,2007-05-13 00:00,31.70835418954841,8.418711027744271,256.48537342976056,412.99814001587544,20.695245361328148,14.922800850432626,1.2656102217345584,10.851234681895683,0.005093262575085213,7.998716862597815,-75.27346842459717,-9449.116912298337,195.79540610090072,143.06915660696203,47.12017552838286,77.53702283042894,7889.348486256119,147.6600211894623,-147.7369897139424,73.23623628966068
583,2007-05-13 03:00,0.30821140722691764,-65.96316616296693,0.2860106743872714,0.45714363717032014,14.580560302734398,0.015826905368123,2.18329959900302e-06,0.30507037267538534,0.0,0.0659555198763062,0.0,-1840.4607546621296,1.2176755910694492,1.687236936705253,28.444873241093187,0.0,91.25486862461358,0.002395180180773142,-1.7658535685513392,0.595740500183984
589,2007-05-13 06:00,-8.27878217759887e-17,-52.76118962509868,-0.7445758605976933,0.0,11.053613281250023,-9.253170649176688e-17,-9.949360378108271e-21,0.0,0.0,-6.708628711587899e-17,0.0,-1734.3248084762579,0.0,1.6207910272357497,41.175392272545444,0.0,85.91246586015414,0.0,-1.718812144326124,-0.1818345781573707
595,2007-05-13 09:00,2.515320543170931e-17,-50.07369840599454,-0.9690632946855999,0.0,9.292138671875023,-4.422260605928572e-17,-5.076833411710974e-20,0.0,0.0,-1.9603171054342764e-17,0.0,-1567.4959159132593,0.0,1.44332061751782,36.25229292904011,0.0,77.68421604994269,0.0,-1.5683889247621883,-0.011274357313256489
601,2007-05-13 12:00,-4.576024265395095e-17,-35.06214054211089,-1.6570652127633403,0.0,7.521417236328148,-3.0699959317539285e-17,6.622897399496419e-21,0.0,0.0,-3.492036374320727e-17,0.0,-1697.9045430612005,0.0,1.484645057342347,57.93604571587769,0.0,84.04967754587713,0.0,-1.5765563252978865,-0.9484028871595686
607,2007-05-13 15:00,28.711082862967146,128.47181972630125,52.61418739928334,275.1505726665978,11.881005859375023,11.577439460180754,-0.0788123478133941,11.96632944975471,0.0,6.96957709991345,-8.475301605753966,-5410.054822581821,149.97432393871247,89.67573922227042,52.42773890423952,9.138093318234919,4315.841375905086,88.86555618123309,-97.10564589744085,46.77272092289341
613,2007-05-13 18:00,34.93208187799737,128.04027197787528,376.4712666327111,754.3324612133904,21.661096191406273,16.85510158517938,-0.8577331409739037,11.36090268978774,-0.0028819227222882473,9.683624694347376,-120.62611775497312,-10487.576434096669,358.0021966968739,141.44649336501337,79.65677011863127,124.27891837669345,8837.041073900298,219.32973747520174,-146.55534465369146,118.31093885996565
619,2007-05-13 21:00,34.826188656290284,-6.6212313667357705,546.3556618902785,857.4755076981205,26.520776367187523,16.774674166689305,-13.49278559821439,11.234308643627742,-0.03381444204431591,9.694867917217202,-149.22866203061162,-3757.2415734518177,324.3817156515684,89.48789892423444,64.0677962580344,156.18095839516667,2211.63483703064,303.42204716300137,-94.39716111785097,128.79506199095587
625,2007-05-14 00:00,31.112018449406857,-75.56307511154284,327.69065450814145,414.2362271727005,28.689447021484398,14.251075858516915,-98.58076330847219,10.535428204163402,-0.16889461531407,7.8209595564070735,-45.71693310011661,16495.09796540266,124.77173596587345,42.160529311315436,23.5581675512701,51.651520106432024,-17179.78002295339,206.42877156111257,-44.459543573218255,67.44057532349424
631,2007-05-14 03:00,0.07120248243970147,-112.46445128327684,4.870158386037803,0.10341406413897104,26.753686523437523,0.0031000989676271806,-0.0004843328917370271,0.07105679605617993,-9.442978860472548e-07,0.01515338625903239,0.0,-2281.0689408451576,0.2716925719697883,-0.2810799320527083,-36.148048739657206,0.0,135.821189049493,0.0009288484801432491,-0.7215754377529091,4.928763511489488
637,2007-05-14 06:00,5.5177252986822155e-17,-71.48183374964361,1.2893887292078614,0.0,17.569268798828148,3.2798258490395313e-18,-1.5467921509700183e-20,0.0,0.0,7.158186729156e-17,0.0,-1807.0665904576113,0.0,1.6342542153245596,12.066207641676804,0.0,89.75533978101242,0.0,-1.7261330914404984,1.5806114983760178
643,2007-05-14 09:00,-1.5702738985353457e-16,-60.8182072277911,0.733813040687834,0.0,15.593438720703148,-9.237982593614205e-17,7.766364546900962e-21,0.0,0.0,-1.8616278435917769e-16,0.0,-1754.114228963306,0.0,1.5754518846042664,20.86841856217712,0.0,87.23390440096567,0.0,-1.6740754173301413,1.1367652759716003
649,2007-05-14 12:00,-4.464829791306516e-17,-67.3425280921897,1.2872084225840124,0.0,15.983361816406273,8.623346560088697e-17,9.475471920182633e-21,0.0,0.0,-7.289901666829642e-17,0.0,-1697.1173772669815,0.0,1.1478530229425181,14.397017622405995,0.0,84.3715384317339,0.0,-1.2316114619210752,1.7371312366989853
655,2007-05-14 15:00,27.96598967350461,25.066452019608775,127.94788319100984,268.69562576953916,15.525415039062523,10.808600385987889,-0.14746263633271076,11.555675584900207,0.0,6.779967263304122,-11.795648857933706,-3270.354464752139,105.35989270322708,52.77216326550652,18.755722538582386,13.33442462082525,2545.3669633478285,126.19527587684598,-60.40620888494742,52.09879100623364
661,2007-05-14 18:00,34.71842583116187,34.51181856220379,461.9881648879633,763.9227666529376,24.663140869140648,16.57116971061545,9.390590370434008,11.280326887469425,0.030979858243923235,9.748506211947198,-120.93228576965062,-9086.248768112282,306.4035592981951,106.66988389145769,44.338485214069145,126.55417631954339,7919.083183663105,272.4986014275922,-111.73775347543811,141.20202733390778
667,2007-05-14 21:00,31.652287201161652,120.41936729524436,382.77762982977373,839.2420981799537,28.911401367187523,12.266623756597024,-0.2601482191300053,10.276934688824436,0.0,8.588235237216221,-17.864506641877636,-15.383451029425196,214.70688359575198,0.21213286088476008,46.6397103790369,23.72068143112166,-7.126841003002343,344.08197137739876,-0.23560956638404326,105.91086690221941
673,2007-05-15 00:00,30.522932321045023,-21.726870399154794,278.36325818371057,401.28618761896917,28.977655029296898,13.652859742661253,-0.1448276088274194,10.35630804803412,0.0,7.16598651652093,-28.668197530951204,-454.84390663478916,117.33444708100744,7.922735771312489,54.22017867242485,33.68351829326044,368.0011981550695,198.32795218074136,-9.474106627865286,30.76984062994807
679,2007-05-15 03:00,0.2605524324425359,-78.07467328500816,2.435993228410714,0.3847845123267065,23.252343750000023,0.012929950248430968,2.58039168482129e-06,0.25837258696417154,0.0,0.055693538184173476,0.0,-1779.2034376914642,1.0097529484568888,2.190713189231628,-12.96325753609803,0.0,88.56841739402968,0.0029298780349369968,-2.3385313481377037,2.614821388270584
685,2007-05-15 06:00,-2.0160783594976584e-17,-50.52389035861218,0.29404415569542497,0.0,14.829766845703148,-6.590371729048576e-17,2.3595275477567794e-20,0.0,0.0,-2.931161196346186e-17,0.0,-1769.879068231441,0.0,1.7863522045752072,27.39918938745481,0.0,88.03067657757256,0.0,-1.8912007422795267,0.707041303440545
691,2007-05-15 09:00,-6.73627314220056e-17,-39.24525068062367,-0.440849991583088,0.0,12.097497558593773,1.7235604480532022e-17,2.3209956439925318e-20,0.0,0.0,-1.4118655124436234e-16,0.0,-1744.300459255576,0.0,1.6849172136542934,40.41518843539173,0.0,86.79470573149902,0.0,-1.785219557508563,0.07355292014691132
697,2007-05-15 12:00,-6.217949086271949e-17,-34.27584529228182,-0.8378060456568881,0.0,10.796228027343773,2.1208569233771063e-17,-4.915709628287969e-21,0.0,0.0,-1.2706917941058489e-16,0.0,-1732.826639916929,0.0,1.681185500903478,46.5114129146818,0.0,86.19866458350161,0.0,-1.7817216072129145,-0.27080947251378473
703,2007-05-15 15:00,28.075305614465783,83.54570297131816,83.6570574716442,258.5694821110393,13.019799804687523,10.81270955978946,-0.09845932289214604,12.17497522929835,0.0,6.8013587983147215,-10.06060317448238,-4469.686424184748,123.04308799303094,73.31658057197775,35.03335584595898,11.030226641153108,3523.0391622007987,103.60708489489173,-81.0155913865806,50.0074314029626
709,2007-05-15 18:00,34.62287485362663,191.53056693663495,306.2983908929413,736.1817090991982,20.587304687500023,16.507233676198954,-0.07056669329867703,11.260956090056956,0.0,9.60048352469067,-81.84214532624874,-8281.870509884573,335.3046261613954,156.2685311448337,88.26356856245809,85.77084384653872,6958.580250353531,224.65711871716414,-164.7344224861846,105.21340365222633
715,2007-05-15 21:00,34.87981820416991,150.31178506770914,397.1839992395071,834.5108769422527,24.044580078125023,16.785449708936962,-5.3636839197883255,11.281185672746483,-0.027095764259535367,9.718067869325385,-117.79754349962485,-10641.1257195288,371.5253924200049,181.75815286842416,71.48508086632076,122.2349681033288,8818.345364068851,246.46808376583562,-191.32974256867445,129.01300889343537
721,2007-05-16 00:00,31.444538213004016,-100.9786709700665,357.07917357609807,403.7446186348698,26.089532470703148,14.667448022572078,-14.590481989743793,10.809542531344702,-0.06466199215403927,7.825271620573559,-86.1055121486306,-3389.8947579181204,142.22275107525755,138.579114424894,23.911816054382648,90.36759591635587,2193.1172932456348,193.10631595427535,-145.16915590782648,71.078661954964
727,2007-05-16 03:00,0.4494956782353525,-56.26213851237577,0.7047921687877063,0.6754598590702925,16.143823242187523,0.0256016019728295,3.3724395975875377e-06,0.44218707467037516,0.0,0.09655302843638003,0.0,-1839.5531626281436,1.781356979751818,1.8000651570450907,23.545241082413433,0.0,91.47454195834428,0.0036877075284898267,-1.8871962118375611,0.9893504410436348
733,2007-05-16 06:00,7.988558878815351e-17,-45.02532719653067,-0.39211674828243165,0.0,12.405664062500023,3.236802806741512e-18,-3.654094441950543e-21,0.0,0.0,7.915958843593477e-17,0.0,-1757.4622342301611,0.0,1.7124299382824983,38.563133893977685,0.0,87.37388899943933,0.0,-1.8115505765424764,0.09589595808155087
739,2007-05-16 09:00,-5.166617192636982e-17,-40.1609462485428,-0.9321311150469153,0.0,10.542108154296898,-9.762299112634059e-17,-8.158564850613565e-21,0.0,0.0,-2.669914659260964e-17,0.0,-1725.7477076936982,0.0,1.681343484566084,45.766212618466376,0.0,85.76982438909103,0.0,-1.7837687197166612,-0.3404233824096592
745,2007-05-16 12:00,-9.53829693033302e-17,-40.555214792422085,-1.1740090711035522,0.0,8.940393066406273,-1.4590039725732932e-17,6.156667613112228e-20,0.0,0.0,-7.168058055857522e-17,0.0,-1628.6701306606244,0.0,1.5099099709392725,43.99717887598478,0.0,80.93073929857016,0.0,-1.6239019282432525,-0.3030344404459259
751,2007-05-16 15:00,29.151824528247126,132.697783733245,61.48182656100646,297.141645528608,11.925439453125023,12.176519967273087,-0.09071155640526354,11.471221088988365,0.0,7.099612387070021,-9.982375210471332,-5174.576614556188,154.6079485239321,89.79394745421791,50.323785776111855,10.82273325474558,4133.919742372737,98.28589635295805,-97.83535255158561,50.65502057114699
757,2007-05-16 18:00,33.54728416915817,176.72343477378206,299.69067175179,738.6654923031904,17.896325683593773,15.002343143468794,-0.19902730524139753,10.897376853689712,0.0,9.3693643317584,-41.2462516132665,-3895.839104290309,265.20143863968343,73.70757111592721,56.58465539106062,46.3240742533147,3163.2660104702863,277.4471272797105,-83.84475777157948,116.20469289172894
763,2007-05-16 21:00,34.48444162693773,130.77313202296625,406.5095763936339,824.2454174317888,24.195123291015648,16.245983272764825,-0.10072788824418868,11.159486511782973,0.0,9.671894644563592,-89.4132755376992,-6926.118391886019,318.6427999417997,130.02412658378245,63.53865626830027,95.31972182652596,5769.268259211631,285.4559556415235,-139.77075056374127,129.43729793896188
769,2007-05-17 00:00,31.062220145409974,-71.41456683369313,316.3921929592493,382.6060034470149,25.636865234375023,14.295768091168647,-23.38171616280185,10.85691339864813,-0.12105849816457578,7.654537135995074,-72.29179060979854,-4340.907872480924,139.98897942129088,160.87426396882003,23.32147473736793,75.93051861303132,2918.8624721514284,180.29523360479408,-169.45218656724603,67.75228468872308
775,2007-05-17 03:00,0.41098330303762465,-63.46827182506349,1.6656169102944487,0.6153563231287608,18.849206542968773,0.022744799097468044,3.4549844737838797e-06,0.4050244557558852,0.0,0.08818732450787246,0.0,-1820.9513467019992,1.6173275517418495,1.6989983968536022,8.979124462266213,0.0,90.65123029187455,0.0038268910785135943,-1.7925300237243402,1.907528896758809
781,2007-05-17 06:00,4.366286569715584e-17,-50.13666167265927,0.02484270383635118,0.0,13.309014892578148,2.5864350672469927e-18,-8.117824410331053e-21,0.0,0.0,4.750965909579791e-17,0.0,-1769.8067276104723,0.0,1.5803348385354745,34.01683802482053,0.0,87.9885712712009,0.0,-1.6704348359613772,0.46185672498755953
787,2007-05-17 09:00,5.720339352300423e-17,-42.7197813310748,-0.6961635548054017,0.0,10.665338134765648,-1.5746931601948627e-17,-1.2778252940856295e-20,0.0,0.0,1.301091061596221e-16,0.0,-1739.8413602744583,0.0,1.4833463396268005,45.497654269056426,0.0,86.47934098619217,0.0,-1.5706207380306765,-0.15039947912541726
793,2007-05-17 12:00,-5.49278708246748e-18,-50.91352260383926,-0.4520616816820629,0.0,10.899377441406273,-1.887051358238815e-17,-3.056426943164007e-20,0.0,0.0,1.6527802080431745e-17,0.0,-1689.2549470832957,0.0,1.3337754579552552,37.94923170214123,0.0,83.94940201237925,0.0,-1.4243000483510455,0.22225818328753744
799,2007-05-17 15:00,28.315851122204858,132.0933783351984,43.28152100629306,255.2962712994327,12.180841064453148,10.972833932293264,-0.05766207081733711,12.61449282721841,0.0,6.865974786038302,-7.541519334239885,-6203.897032071034,151.64001486295575,95.83194377205739,62.62145177309846,8.010423084430725,4968.191331586281,75.67980503649308,-102.15264881065622,40.49652215239573
805,2007-05-17 18:00,34.01986668072379,176.86059916674088,304.2734718462752,725.9889805863083,18.470330810546898,15.708079062548975,-0.13759484182500625,11.058417940409354,0.0,9.44741206085243,-55.27582712037615,-5411.047325093403,283.91509580156014,86.98867680465305,66.52409001540371,60.17506150104608,4457.06567197278,259.4177583738175,-95.66120605500849,114.63668811274003
811,2007-05-17 21:00,34.46945460899025,118.85666706232848,412.57848411987516,808.4936623894396,23.915307617187523,16.210304205636554,-0.1033277370846258,11.167525902886453,0.0,9.658467735176437,-88.99103191337899,-6802.7908421060365,309.5443211739396,114.46024989070683,61.34380457407411,95.00886624234884,5661.934750985073,286.380721396796,-123.24955577969571,130.15069509289182
817,2007-05-18 00:00,31.382419349117598,-52.499708832041726,312.77492342169086,395.66481062173386,23.934564208984398,14.61702403158953,-3.486910607825109,10.867961756270438,-0.015654889140700408,7.810281247471508,-83.07325309603574,-8592.640196437835,159.25592068751357,153.88325000535943,24.720809019690194,86.09706741818552,6965.219836233003,171.8595590558255,-160.4831826636224,77.7098552603276
823,2007-05-18 03:00,0.3424866185797176,-55.82960635212193,1.3838657275108268,0.5095634069788072,18.304071044921898,0.018025895928142865,2.8887359765062496e-06,0.3385247276430972,0.0,0.07335588305092405,0.0,-1813.7627263917823,1.343852443921751,1.806742815220083,12.983129026351271,0.0,90.13537916088974,0.003210185428441784,-1.906680128178011,1.649910110422458
829,2007-05-18 06:00,1.217042181748221e-17,-41.56556446368652,0.05400203071658258,0.0,13.453332519531273,1.981152647405825e-17,1.1813060583578545e-21,0.0,0.0,2.735472727040696e-17,0.0,-1750.3130106502115,0.0,1.618945190601709,34.30403368592727,0.0,86.90314753219839,0.0,-1.7161125325865327,0.5156036810952538
835,2007-05-18 09:00,7.331193893560403e-18,-44.02714892410448,-0.28070628547818205,0.0,12.108758544921898,-8.561491952780832e-17,7.886511693567492e-21,0.0,0.0,5.502902629915849e-17,0.0,-1715.7807717649155,0.0,1.5356164923059348,37.37750939460327,0.0,85.19147390523256,0.0,-1.6344612982902476,0.27344935549502725
841,2007-05-18 12:00,-5.3078816875115175e-17,-52.44316903825761,-0.1624612736830256,0.0,10.000939941406273,-2.6389598102918493e-17,-1.567975441100704e-20,0.0,0.0,-6.140904352784651e-17,0.0,-1299.8978599557233,0.0,1.1195335371006574,18.25294126664209,0.0,64.68013647244302,0.0,-1.2691266351016706,1.0103491907264115
847,2007-05-18 15:00,27.773980911692597,53.84798882653675,107.73115933008688,260.7981982837024,13.306695556640648,10.555822160693399,-0.1438395617064708,11.746411607851385,0.0,6.727857370695345,-9.739525185225997,-3243.4367287507707,107.41374528284265,53.483252252869974,22.89768494372847,11.01403782341247,2520.590735104064,118.25514443167089,-61.18335491631392,51.701269747992185
853,2007-05-18 18:00,33.57024578201079,138.1793455292616,325.3133446441842,698.4400892689007,20.003564453125023,15.193513751258443,-0.17594286585782964,10.912315899905579,0.0,9.29125222754112,-48.368013564723434,-4372.121933841034,252.60888031106782,71.7055858962191,52.92782768065415,53.72021450270552,3563.596839025602,270.10823728343945,-80.63634238414366,114.61162497535595
859,2007-05-18 21:00,34.458643065938745,85.42284679139513,400.44139044219787,719.2048052139684,24.033319091796898,16.33773567949078,-0.08218432892887396,11.21114406501692,0.0,9.53238613120066,-96.2123713605045,-7706.494772574218,291.37346114150097,129.95418434483034,55.099438724715576,101.53211404521048,6446.072482030203,258.18996030496135,-138.1174220562658,122.23058331944584
865,2007-05-19 00:00,29.776956652017965,-87.32532960650794,289.4217931100433,307.75055387379314,24.848382568359398,12.860571154718787,-1.2640108145856301,11.619873416783138,-0.005957423622237845,7.264856918169954,-63.02164810024832,-7708.425756706188,102.27477845630209,149.05006520665128,9.98550192781336,65.64961858817135,6184.382938318082,167.92441517718385,-155.98842483457622,68.66956705657046
871,2007-05-19 03:00,0.40935982107841734,-54.072669531866964,1.6005184907096062,0.612826910026142,18.702966308593773,0.022626513214666067,3.8005293046382803e-06,0.4034543587451705,0.0,0.08783623394809491,0.0,-1784.0295135084439,1.6022954895371044,1.7086786668399654,10.71973818329926,0.0,88.59589905967535,0.004228373755089841,-1.812292105231437,1.8764418940471006
877,2007-05-19 06:00,4.473994610855939e-19,-40.3871520969286,0.294885758918049,0.0,14.314630126953148,8.463479385085006e-17,-1.562100378148485e-20,0.0,0.0,-3.770903059334374e-18,0.0,-1776.225495688173,0.0,1.649618192161766,32.265153274261095,0.0,88.11925686785492,0.0,-1.7429461420856942,0.6933196641201919
883,2007-05-19 09:00,8.007212483023064e-17,-38.95012813808566,0.020498530444107082,0.0,13.295190429687523,1.912298974033847e-17,-8.238319548182593e-21,0.0,0.0,9.058267838541642e-17,0.0,-1730.9206626577477,0.0,1.6133815001995058,34.48254784408226,0.0,85.8714980486457,0.0,-1.7148343470880072,0.5153302693980645
889,2007-05-19 12:00,-6.256441915132635e-20,-44.181974445211566,-0.09471457409845668,0.0,12.766015625000023,-3.192108735725788e-17,-6.776210280078412e-21,0.0,0.0,1.1545631248263782e-17,0.0,-1724.9151163744973,0.0,1.5517662954605504,35.12999625133032,0.0,85.55476038507575,0.0,-1.6503614021174418,0.42449474515033425
895,2007-05-19 15:00,28.76524313138605,91.93379142270643,92.37935170594372,273.3162330773959,15.148583984375023,11.61093549101268,-0.0659469686176043,12.105624094695063,0.0,6.983053752968006,-15.45601424395338,-6061.305499942757,140.65869243368996,105.25855995379058,48.48538667534228,16.45620165450733,4860.21082862597,99.45980403064891,-112.74637830992471,47.55504423459474
901,2007-05-19 18:00,34.67181582560554,175.40335350700929,331.94600690441007,751.4140712965589,21.528497314453148,16.530047783722157,-0.07119034202594177,11.27042945647385,0.0,9.636698383913266,-87.99168544210185,-8280.620500536337,334.6620726878461,156.38833827845573,83.18557088634869,92.23619287171925,6956.58860627877,234.43017780528902,-164.916642096231,110.47138300340538
907,2007-05-19 21:00,33.94399545262081,94.30144225478313,409.9994658491838,763.4199661116809,25.316583251953148,15.502520398784533,-0.16043550798718859,11.020601565030113,0.0,9.491313484103841,-65.40000649337627,-4898.275928997211,264.5357356045007,87.11150423188114,47.964108914105175,71.98542205854535,4014.1136545747677,299.66245174680455,-97.06687139933581,126.23851327708542
913,2007-05-20 00:00,30.026466255253148,-76.56509114866348,288.4972245240251,320.71195802438683,25.265222167968773,13.17389965733531,-12.720582544140337,11.418399498713107,-0.06741519676619691,7.294614130891185,-62.928502992579894,-6274.574090846157,110.76709292238762,160.2803247942483,15.970786332178676,65.79493620297708,4799.48320192021,167.6925956236783,-168.3254481344482,63.99557555145806
919,2007-05-20 03:00,0.48124768288587744,-56.113482964305526,1.8152547641189836,0.725334553428558,20.270074462890648,0.0280702489877283,4.541392012505311e-06,0.47269386882282705,0.0,0.10347028207179644,0.0,-1790.2904616650214,1.8876323819252854,1.9700396274569103,4.108350092794491,0.0,88.97455137408448,0.0050392153203579135,-2.0909927325363395,2.0574880603791206
925,2007-05-20 06:00,-1.3623620655453012e-17,-41.36222233973916,0.4615915151224994,0.0,14.951470947265648,-1.181375395936353e-18,-2.5285304186869893e-21,0.0,0.0,-1.861086453063764e-17,0.0,-1772.0117991674365,0.0,1.6860602877916648,29.05176752050312,0.0,88.03629134810708,0.0,-1.7839492409757094,0.8533120890531612
931,2007-05-20 09:00,-8.107827115167895e-17,-27.26212807539406,-0.12270203326680307,0.0,12.594140625000023,4.263485177152333e-17,1.927185505968087e-21,0.0,0.0,-4.747651588613415e-17,0.0,-1772.6190997763165,0.0,1.5528615608912721,42.720983128651724,0.0,88.08532526458843,0.0,-1.6380228376788153,0.3092939269072824
937,2007-05-20 12:00,-5.920361791297137e-17,-15.741275626730562,-0.026019536021640043,0.0,12.348138427734398,2.0622462039265526e-17,-4.715873448688224e-22,0.0,0.0,-1.3773180609254964e-16,0.0,-1704.9707622331075,0.0,1.453656166175649,41.14138478688974,0.0,84.74484695811263,0.0,-1.5482136014172374,0.5534940060845469
943,2007-05-20 15:00,27.29413363000493,96.7791357940267,71.7940503078679,224.06862330689714,14.072930908203148,9.54401159482745,-0.05058707195785434,13.637341714881732,0.0,6.625864225756273,-9.847600798088244,-6126.488257035525,123.05555849271255,94.21554766668385,53.195236971803965,10.430128131159025,4867.176744582708,84.09570968550446,-100.36892072801614,40.9771018919585
949,2007-05-20 18:00,34.1070899832561,119.53083180658689,356.70443276815024,702.3175577630461,21.716790771484398,15.928702528447621,-0.11374236969259803,11.095064103408127,0.0,9.41843122211794,-71.55225908451004,-6246.74339487813,273.964055311815,96.87668185234654,58.59954965588413,76.90267483834087,5174.102540472467,259.808124658942,-105.08362886961267,117.15860958074121
955,2007-05-20 21:00,34.434906453284896,61.14974383242589,477.17014873520844,813.4944764957962,26.176660156250023,16.170365925149547,-0.10668553172291444,11.152366344530233,0.0,9.654415751850243,-99.69967220670378,-6711.843901315593,292.8493909038725,95.82060360331694,48.94942100263606,106.63038624617998,5581.405817817449,306.50312859842137,-103.41470461794269,139.37177359909458
961,2007-05-21 00:00,30.08252376335316,0.6186918247009737,265.29387856372233,403.3085467954596,27.278009033203148,13.072640083724657,-0.18856934287397267,10.117276919530436,0.0,6.965653600824343,-21.313507439133065,-170.53457085785567,114.52332209936512,3.3735734123397845,43.05003278624102,25.827086348349784,130.2210743735474,198.43785753950579,-4.14922469851706,40.67839900769259
967,2007-05-21 03:00,0.44678907883329044,-65.09238902848324,3.0307878729549054,0.671205401861732,23.475915527343773,0.02539257834925034,4.329136457621724e-06,0.43958165390796355,0.0,0.0959674755769453,0.0,-1798.6166222265342,1.747015931984272,1.7706857385528494,-10.945770898665852,0.0,89.69390444033552,0.004848808940570737,-1.884009620510027,3.1436521512392916
973,2007-05-21 06:00,4.205051329085569e-17,-63.94941941883819,2.0340664190305957,0.0,20.370141601562523,4.199355213822734e-17,1.4740509293278028e-21,0.0,0.0,5.345265520312018e-17,0.0,-1718.4135029319816,0.0,1.728614719961183,-0.34277438382821934,0.0,85.63577190959998,0.0,-1.8564976765659296,2.3291449188482765
979,2007-05-21 09:00,-1.9046297444172108e-17,-64.23010786227375,1.1269537631705435,0.0,17.525720214843773,5.2094572588014107e-17,3.45731159377081e-20,0.0,0.0,-5.884638840963629e-17,0.0,-1767.6604811538268,0.0,1.77689303130915,12.662962706517224,0.0,87.99663995239769,0.0,-1.8881547627094941,1.4715615384113878
985,2007-05-21 12:00,1.461645839017335e-17,-68.69231206496642,0.7528064451999015,0.0,15.680535888671898,-1.5469167407046377e-18,-1.4265568920480818e-20,0.0,0.0,2.709945837259314e-17,0.0,-1554.0946605568686,0.0,1.533143828609373,9.97526203781249,0.0,77.4284335391195,0.0,-1.6820746608236792,1.4160990968980909
991,2007-05-21 15:00,29.949078073411137,-58.01762247838516,242.31416929993875,307.8543859349023,19.087060546875023,13.034377595186198,-1.1193709820660283,11.753356884818436,-0.0026929762517079636,7.274550771554079,-64.79334534784134,-9301.193671794263,130.34977515936143,88.25022032950265,33.61403737326651,66.4582235841234,7624.2663821352335,140.84286725366,-90.93420207716903,63.84249166627231
997,2007-05-21 18:00,34.99753558366417,2.8230997707573984,489.08242138838455,758.2352758078206,23.389154052734398,16.954652510539166,-1.8054035661899555,11.379567911795869,-0.0038265302744048485,9.675576848860219,-160.7702684690022,-9797.866547673813,330.79720237746125,86.70598627501099,59.45368809471614,165.38288492910175,8231.641865394702,250.0190234990945,-89.67008288441276,128.8650425525712
1003,2007-05-21 21:00,34.82262009829185,-57.94650100846416,604.4930098983904,901.0055930125206,26.193261718750023,16.94102590190104,-2.934858858999864,11.166147311674504,-0.0038955726049013178,9.707344107202466,-189.4932500100937,-7953.840969926409,347.7157865329691,51.019405525538886,56.883622896887246,195.96793403325213,6506.5798321569655,304.1489043764944,-52.998009494029006,144.12356549197517
1009,2007-05-22 00:00,32.280886011766945,-242.4952219085555,507.17127761450854,457.23566098812876,27.519677734375023,15.372384090818295,-4.843691187724535,10.787548402021816,-0.007069822785638547,8.2005951647806,-137.7873701383111,-3762.7750385495565,137.47247337420336,50.84281082192107,14.594397051574362,143.52765788439658,2657.0603680596264,238.35651822535596,-52.68638692242597,86.12601430549147
1015,2007-05-22 03:00,0.7002679630228646,-101.79632347045391,4.166689587590938,1.0784570185841047,23.717370605468773,0.04850380751661385,-0.0006071981485878349,0.6791892965283783,-1.1608786034514634e-06,0.15160147330534285,0.0,-1915.4959922079574,2.800565355605051,0.7624330155779429,-21.01645253093175,0.0,97.81836197630015,0.005980873733596338,-0.8410467660441219,4.271699978522349
1021,2007-05-22 06:00,-1.8021592598785447e-17,-98.24005429443837,3.827899797699863,0.0,22.002923583984398,-3.24743523138569e-17,-8.997578135231643e-21,0.0,7.81054383550747e-24,-5.25061672837057e-17,0.0,-1955.9408195137323,0.0,0.5860808456951572,-13.006077115472932,0.0,94.83491049994235,0.0,-0.6705488665295307,3.8911523830912564
1027,2007-05-22 09:00,-6.757582021122115e-17,-91.21941523419977,3.0511680343064773,0.0,19.999017333984398,5.459534481141328e-17,2.543040678209718e-19,0.0,4.454714496981499e-22,-6.974667091603375e-17,0.0,-1940.160245466997,0.0,0.6876850251844647,-3.023287011359593,0.0,94.38016402657037,0.0,-0.80794453754544,3.152689797667283
1033,2007-05-22 12:00,2.610409553292642e-17,-87.01946255441636,2.1734795279185315,0.0,17.715203857421898,4.1206027914025476e-17,-3.1651453455302715e-19,0.0,-6.375960088595518e-22,-5.165175679449612e-17,0.0,-1963.5286014164528,0.0,0.770674174459557,8.329265412153564,0.0,96.0982654904328,0.0,-0.9300316387457783,2.363705839445713
1039,2007-05-22 15:00,30.03474265014004,-45.4547294550959,236.62692554062664,311.52595516478755,18.525476074218773,13.1427547879949,-0.8171862847312631,11.701017794137552,-0.0018104280089518733,7.30628449024162,-64.64198172067282,-9349.031088516003,136.21095288325196,82.65885807945183,38.67014999105531,66.25763580714036,7692.980290183311,137.4933726766531,-85.06942405820284,63.415206232347586
1045,2007-05-22 18:00,35.03178457976493,36.93709160373959,473.4017235758396,795.2867199505304,22.782983398437523,16.965765900864266,-2.576504787406698,11.366051569793841,-0.00555752234130386,9.716575673682394,-154.1128114411985,-9884.81042810086,350.5568433536295,87.50423909518585,67.23690232917315,158.6593489341897,8256.447511277564,250.43559804583546,-90.6772584299195,129.39843402548243
1051,2007-05-22 21:00,34.829679785679794,-53.45394323958121,601.8662720414324,897.7453591998958,26.193078613281273,16.93482947402304,-3.164423407756464,11.174226179827603,-0.004352014657867407,9.709346989305235,-187.4164083712061,-7825.58746713832,346.07017587964083,52.57954271451713,57.67984114346302,193.92290642190176,6378.968557665684,304.1724999094609,-54.65465874291619,143.44773378667585
1057,2007-05-23 00:00,32.253769532460964,-254.4839360370085,521.4210859866449,451.87911080399,27.133569335937523,15.371955783424019,-2.844593676991078,10.807750521421452,-0.0035640270668812852,8.178771939599748,-149.23839772949896,-6088.236789773974,133.49796981476163,44.75495315465762,9.550290205527602,154.63452843199636,4815.853535037176,239.43062015747307,-46.33126073127698,92.08068996545778
1063,2007-05-23 03:00,0.9982768816568655,-98.44523969779388,4.282785670182749,1.5879907262802213,24.180230712890648,0.08923539055870168,0.0007598276880267657,0.9443995324176122,1.4995214541083072e-06,0.2187725341840011,0.0,-1857.2841832914658,4.063196767075048,0.822229471156219,-21.991792835469617,0.0,85.26634569017118,0.008115235337240382,-0.8866490448464672,4.201813469080511
1069,2007-05-23 06:00,3.4243749196696006e-19,-92.23317733100058,3.2368321725134113,0.0,21.012139892578148,2.968463139728679e-17,-3.7214628502005396e-19,0.0,-7.635288638658336e-22,-6.119485799848903e-18,0.0,-1963.9414153032635,0.0,0.7821650348217862,-7.493720484966777,0.0,94.69232778713189,0.0,-0.9407753076197471,3.327021804573394
1075,2007-05-23 09:00,-2.3586662034744606e-17,-83.46561150232088,2.175364243315026,0.0,17.878594970703148,-7.054000610337427e-17,-2.9379788632908805e-19,0.0,-6.123126674869837e-22,-4.157082915068477e-18,0.0,-1904.7269106686779,0.0,0.9413414621985436,11.240397255167554,0.0,95.1589955708264,0.0,-0.9624958061854341,2.3312149544979754
1081,2007-05-23 12:00,-5.09382509019392e-17,-77.68813313368115,1.822179734330965,0.0,16.658227539062523,6.140810914904306e-17,4.74914979174895e-19,0.0,9.624489763566208e-22,-5.978996204923822e-17,0.0,-1846.5527633345628,0.0,0.9364555422950052,18.22269789134493,0.0,92.78484742549279,0.0,-0.9109731629031045,1.9927887138554248
1087,2007-05-23 15:00,22.978252860881852,-97.97747997347116,172.81061314949437,142.2481242739149,19.194390869140648,4.627054249455745,-0.3244710808635048,16.574879592417588,-0.0007159958396375097,5.68370200068673,-10.131486817468275,-7414.642323159001,5.386836771271064,61.80840253153525,16.090579478552833,10.38037175224176,5707.546160777875,149.44975255333074,-63.69301613963496,43.036401632408214
1093,2007-05-23 18:00,35.029047167002474,-19.54780484584726,540.7020663079306,807.5857810298163,24.834191894531273,16.963840568954122,-2.8368693761108745,11.354124982866608,-0.005510177531777831,9.734477801385623,-171.31863154324523,-8858.384092179873,331.68182621499886,76.57179313950321,58.1227864341071,176.81763991705714,7331.099151372594,275.58160679544613,-79.4734464869552,135.1233910268437
1099,2007-05-23 21:00,34.57126393892642,0.7956662765236364,565.1295098212735,907.819714027215,27.208947753906273,16.632489985574935,-24.785870932793603,11.07553577402174,-0.050244930979362466,9.63055314152541,-141.04974688039732,2250.294850337528,321.58549419054395,72.33098020110417,68.96173732516525,149.16499180983195,-3906.533427624284,325.7627987941785,-77.01077433661283,130.05332989169716
1105,2007-05-24 00:00,31.403466422511137,-77.70173975253226,345.2700466333445,430.15022176518846,27.996148681640648,14.49492726176586,-102.35528897067145,10.551471144846678,-0.23775544660836204,7.920015036092713,-52.68534692459846,18582.751115217932,132.10942380608756,69.58876628326573,25.3130856750643,58.78831549187475,-19384.132427676777,212.09381179841475,-73.24213108182157,70.7480330917698
1111,2007-05-24 03:00,0.1671231849132038,-105.87050327750444,4.651372210214717,0.24476497606932274,27.034722900390648,0.007768231885321702,0.0016568437438055552,0.16627501903249362,3.735055499325862e-06,0.03564756153934031,0.0,322.20176683995567,0.6330814763257318,4.901677539517966,-29.469390896260407,0.0,-135.99020296080678,0.0025051294356233074,-1.3096656563238893,4.1681894239914
1117,2007-05-24 06:00,4.281804894143464e-18,-66.63267038981427,1.6085474733059981,0.0,17.801934814453148,-1.151753322760759e-16,-2.866928756398529e-20,0.0,0.0,3.8488534801257955e-17,0.0,-1824.9143037713438,0.0,1.4276893628829164,12.657147557869278,0.0,90.73470357095117,0.0,-1.5037318074646968,1.8574237549492494
1123,2007-05-24 09:00,-1.0033649083200329e-17,-76.03015696752527,1.7626776169883314,0.0,17.276300048828148,1.1243808106590162e-16,6.644133864179054e-20,0.0,0.0,-9.306886826686252e-17,0.0,-1167.3370516259008,0.0,0.8849953693368765,-5.743692637303099,0.0,58.29083343578719,0.0,-1.034911770585301,2.4225106892637314
1129,2007-05-24 12:00,-4.657580912104782e-17,-49.96293205770895,-0.009638165550544427,0.0,12.854547119140648,-1.4136865304463844e-17,8.931891213275639e-21,0.0,0.0,-5.5429234589141024e-17,0.0,-1648.6156416843394,0.0,1.5136551233955762,28.150140016244187,0.0,82.07829038123579,0.0,-1.6300835422414592,0.66738093949522
1135,2007-05-24 15:00,27.37369219027442,62.79828965862251,90.19098452777177,227.80938501712572,15.008203125000023,9.694232796141556,-0.05797418988137812,13.431970333256091,0.0,6.641277063477082,-11.660393515357905,-5780.3219491517975,114.56988553052871,88.3560307502787,41.598456268141064,12.425930292074602,4581.7599721269435,94.95222434753472,-94.80098378101214,43.99570740578036
1141,2007-05-24 18:00,33.71503110664867,94.3873039351555,383.0505301944935,728.6390117142964,23.174279785156273,15.27748421762776,-0.17452065275364106,10.955235871339209,0.0,9.383858508482719,-56.972776197077934,-4487.648099450089,252.22492916998715,65.39656293965523,47.42090595570299,63.185392736720054,3663.3705369154327,290.1302740226944,-73.469878689757,121.39552128274117
1147,2007-05-24 21:00,33.59434095054961,97.2097089932252,426.1162083670905,836.4875288866904,28.450830078125023,15.187981255775686,-0.18514410396764863,10.83634819938197,0.0,8.906790755212034,-43.92569212380415,-365.4810981759467,233.35883364406533,3.9512283413526235,66.54953139148733,52.27139242779206,289.375132133554,345.9588213024115,-4.749989591820931,92.70681931469072
1153,2007-05-25 00:00,30.804455755946336,-19.549980708357573,291.1831428117291,420.4811038695611,29.175286865234398,13.880660228154161,-0.1445452416051414,10.335774230435419,0.0,7.295195866758244,-30.791417392619888,-480.0837481191354,122.76037988198739,5.81563152648955,61.093716706499066,36.124123484470324,389.1757840568112,205.84246808486145,-6.944471494542106,27.58409180342858
1159,2007-05-25 03:00,0.7825235090708638,-89.05249938248721,4.456747716896035,1.21541784898668,27.129846191406273,0.057996502690736196,0.0057415543867314935,0.7545618243037894,1.60524799670109e-05,0.16994568221694636,0.0,-37.04903005050439,3.022844705529746,4.59761624085573,-26.05767681450862,0.0,-79.53838185518742,0.012585371216187047,-1.358864547974026,4.087501351360656
1165,2007-05-25 06:00,-1.4577137519140106e-17,-58.06173977451755,1.1093370284922714,0.0,17.472680664062523,7.081907383224738e-17,2.235303932322949e-20,0.0,0.0,-2.5333099584293694e-17,0.0,-1727.8290985869883,0.0,1.778662917284742,12.283078868663097,0.0,86.06126331874054,0.0,-1.9012196423926122,1.523945381202692
1171,2007-05-25 09:00,-6.160361631147231e-17,-41.31277249457313,-0.3018280178920407,0.0,12.726251220703148,2.9413930784813655e-17,2.0456241881703323e-20,0.0,0.0,-1.3802699223532957e-16,0.0,-1705.1620215558528,0.0,1.7525070619321228,33.940934427035444,0.0,84.91938361583522,0.0,-1.869468929219343,0.3140336610606068
1177,2007-05-25 12:00,-7.422761659796928e-17,-56.68385337716182,0.1518886507926252,0.0,12.406335449218773,1.6241356380457714e-17,1.08151316895749e-19,0.0,0.0,-1.1355112712275753e-16,0.0,-1318.019400966818,0.0,1.3576062659613721,12.52329603541164,0.0,65.76302507998247,0.0,-1.5388108009337194,1.2024682352493854
1183,2007-05-25 15:00,26.017707449845872,33.76619567585475,92.34649653958849,201.377705770003,15.597863769531273,8.094656145713484,-0.08661246656467336,13.995982834741152,0.0,6.326072316373022,-6.850674385840607,-3955.2595725990777,88.02189480344032,72.09423030991813,20.879502779850764,7.555069173930988,3054.738351449941,100.5557255917764,-80.47342648421257,43.452596946270596
1189,2007-05-25 18:00,33.37517446256348,101.25883303612372,376.5710552626419,731.5995482484211,24.223901367187523,14.789128300984634,-0.214986947465299,10.842005877561485,0.0,9.321948351952244,-47.00555244191417,-3647.169671610144,242.6800006279118,65.15628673264963,44.668530028584826,53.19470390036287,2949.1380773181995,296.4528753098133,-74.82960076664364,119.67354325218076
1195,2007-05-25 21:00,33.56043109184223,113.55445627888882,441.11454573620597,890.0252445237986,27.962548828125023,15.292743083893356,-280.59311976371214,10.770986848542513,-1.2431746795631613,9.588771802593575,-47.801336478661796,5230.9695127790155,246.21831355073283,33.00779370286207,47.273873596769654,56.550514063274704,-9460.954971396304,358.1691698366434,-52.890666070564514,131.31507127700542
1201,2007-05-26 00:00,30.391293121155904,-37.45887038377148,295.0820942059398,366.0716385793437,27.213952636718773,13.612643918452155,-116.46449075117684,10.708224007539123,-0.5996799356803159,7.514081242524823,-39.788380420042614,7871.597799923333,110.39527946969207,86.39180183072361,21.408547509208166,44.8365459623798,-8444.34716562341,189.03592853367013,-92.81912382357672,65.98027980606848
1207,2007-05-26 03:00,1.1875646392183228,-61.91162268112859,1.9676439582976486,1.9332078328937357,21.378625488281273,0.12655532018073212,1.1536877736517877e-05,1.0980871166402915,0.0,0.2628394096048402,0.0,-1798.7783293408781,4.829052119821841,2.1560382267601144,-1.2995040209055695,0.0,89.65253336547173,0.012896484903440496,-2.2887068615802018,2.1866019888152164
1213,2007-05-26 06:00,-4.569555213466272e-17,-38.712260673136996,-0.05550516516321291,0.0,14.012536621093773,5.267033119683012e-17,-8.693954367877877e-21,0.0,0.0,-3.424660711834348e-17,0.0,-1780.4284163290895,0.0,1.897118604289115,34.36886971871557,0.0,88.66774805981964,0.0,-2.0025924999026885,0.36260325480243955
1219,2007-05-26 09:00,-1.0954006879971171e-16,-35.76393936883249,-0.4933139783302337,0.0,12.434686279296898,7.8866919102397e-17,2.077201428318199e-20,0.0,0.0,-1.556485132751095e-16,0.0,-1718.4395785716786,0.0,1.8550091208553874,38.256563636053905,0.0,85.59633708928544,0.0,-1.9737234648455808,0.07135394671761855
1225,2007-05-26 12:00,3.846611047970057e-17,-41.921683040960815,-0.43043352281043523,0.0,10.884851074218773,-1.8758982193273633e-17,-1.9657632063544753e-20,0.0,0.0,1.16206265489972e-17,0.0,-1441.3426082575227,0.0,1.5107486711287774,25.32292603965923,0.0,71.86489636725238,0.0,-1.675549984915997,0.6187948372858351
1231,2007-05-26 15:00,28.045432196757822,91.18258630042578,77.14429551142297,250.03239646559553,14.950250244140648,10.663725366493843,-0.06978486447329678,12.644203811221745,0.0,6.797500186541851,-10.955719445524013,-5547.369066038872,129.71124711700634,106.58089682490137,42.76323254200345,11.754480854309843,4410.117652116933,93.55147609648701,-115.08156786779554,45.238293019918174
1237,2007-05-26 18:00,34.23729434736927,173.1012886669002,318.92054297167437,736.4509072524654,21.336114501953148,15.982735665848875,-0.11545773437510068,11.128696240979574,0.0,9.516006426216451,-64.90979910142971,-6230.70865111421,296.6704995992303,132.27146415533684,67.08998125513484,69.81559131520895,5164.811773905221,256.2132114788534,-143.55170431614425,113.9443229686313
1243,2007-05-26 21:00,34.03959389256171,84.60425730236788,414.9341469438173,764.3413206597106,26.521783447265648,15.695942808671843,-406.34360850115564,11.043509176913778,-2.271838156147542,9.47206029936737,-57.46720587587151,1288.0058092978727,240.38195642973736,58.11888766892044,42.65383548180676,65.36435589642484,-8326.871559166113,315.86120453264436,-101.84901244094495,122.31129502851473
1249,2007-05-27 00:00,31.65537116604343,-61.85930827372469,336.21135179984367,425.2429598790154,26.890679931640648,14.8209803419042,-25.498204548236714,10.713610571141567,-0.141671740341843,7.957845533370342,-71.6773434519005,-1693.6424879286214,150.45611802211465,131.60192528949798,20.990860021911168,76.5993561901329,885.6123264030457,196.41421403129783,-139.74273881032153,76.58525449887993
1255,2007-05-27 03:00,1.3880410440913726,-47.35589959812418,0.9786781479630966,2.322768600457698,18.019708251953148,0.18020029711491928,1.1445802617219919e-05,1.2415899343589416,0.0,0.31124608406142573,0.0,-1828.2350883283284,5.775396590165883,2.1396673588413235,17.22954555828469,0.0,91.21072925076183,0.013139414039310085,-2.251633889933339,1.2540474096740626
1261,2007-05-27 06:00,4.3024291692769043e-17,-43.312904583624196,-0.2516125760578865,0.0,13.389672851562523,-2.5525173294274693e-17,-3.1321369409450086e-20,0.0,0.0,-2.824642938577988e-17,0.0,-1799.0786737107244,0.0,1.8797321620027108,37.13612089409085,0.0,89.68014139729195,0.0,-1.9773551994091234,0.15027186397300474
1267,2007-05-27 09:00,-4.8306385104158304e-17,-36.52756207268386,-0.7911516795167247,0.0,11.638238525390648,1.0106727434776479e-16,1.0121357772621925e-20,0.0,0.0,-1.283955020889144e-16,0.0,-1795.381245760153,0.0,1.8606955091656674,46.604680825135766,0.0,89.49988399129221,0.0,-1.954366069547083,-0.35404551658851435
1273,2007-05-27 12:00,-3.804776156503467e-17,-38.155132639521625,-0.9085962719732223,0.0,11.041650390625023,-1.2682988906350356e-16,2.754769226754212e-21,0.0,0.0,-6.727527646578096e-17,0.0,-1739.8632857674188,0.0,1.809382690768416,45.09465888357597,0.0,86.70806786252038,0.0,-1.916367852374666,-0.3476667524734035
1279,2007-05-27 15:00,29.240619032502252,132.1254996414068,67.39121294075848,292.9774328641023,13.607263183593773,12.246225264104568,-0.06742893074042838,11.700521114541036,0.0,7.118147045932873,-12.68446163634737,-6203.779891012272,160.75155286575864,109.70648509343754,59.29523220444989,13.499253583400016,4999.1564368964055,92.02249178316588,-117.31911376087659,46.45307908520931
1285,2007-05-27 18:00,34.68765225969739,246.99930439833685,260.8485540386413,748.438181498117,19.167382812500023,16.566916129798457,-0.06717159008618481,11.27746399680692,0.0,9.635341813967194,-72.88760713831724,-8462.486930963274,357.1414880681803,170.94096162875778,105.16787088725059,76.23130590443239,7121.891918466761,209.85436902942013,-179.75631675057602,96.6031164960443
1291,2007-05-27 21:00,34.69458518784169,176.642949188375,371.0768743350312,838.7487461058452,23.035668945312523,16.563134188146257,-0.07378166670802144,11.21339964262791,0.0,9.724039281528864,-97.44286609362837,-8233.13516446028,356.9001861587547,166.65467266525465,80.99675404533772,102.27227968256736,6917.006059072171,258.45752297226886,-176.00298987636825,121.95599308497926
1297,2007-05-28 00:00,31.85456147790186,9.560155306471078,276.90233001234185,429.92389931273766,23.468286132812523,15.014471111118445,3.007542530444618,10.774212030439687,0.016862885192259022,8.088451039655434,-75.3757959673997,-9031.612190262855,191.95249588624782,186.49107672534387,35.7199509354338,78.16972463519582,7540.316679657784,162.4499703426797,-194.01112630036658,78.21432631541556
1303,2007-05-28 03:00,1.0656204739631518,-42.38623167381452,0.7742967477644828,1.7086048821616848,17.020898437500023,0.10127183403728911,9.760859689304748e-06,1.0007170553199647,0.0,0.23429730314610825,0.0,-1795.1509670200526,4.314095640881769,2.025654760970256,21.368598757798598,0.0,89.52474351229559,0.010733417853248661,-2.140341429570755,1.106017503210056
1309,2007-05-28 06:00,3.59474730540459e-17,-27.52869267581542,-0.3027921909081971,0.0,13.082940673828148,-1.8347383943970973e-18,3.72765897218864e-21,0.0,0.0,7.396422827060393e-17,0.0,-1768.036002792768,0.0,1.87633693425679,40.389288656885306,0.0,88.11411051246355,0.0,-1.9818452536129056,0.15085814450996105
1315,2007-05-28 09:00,3.7494766038168776e-17,-42.29105761711059,0.06451061541292563,0.0,12.584405517578148,-2.3415301427324458e-17,-6.124114376276509e-20,0.0,0.0,6.55272976599004e-17,0.0,-1420.7401316841037,0.0,1.5024703909317487,19.378595349120737,0.0,70.91331105370405,0.0,-1.6742289739440954,1.0237002229475818
1321,2007-05-28 12:00,-4.6367305590889e-17,-38.616687091760284,-0.8167966082480516,0.0,10.928125000000023,1.6717693012255192e-17,1.4431924626121617e-20,0.0,0.0,-9.874275002754315e-17,0.0,-1656.5891254436626,0.0,1.7376490680613783,38.7270861425384,0.0,82.5015135532799,0.0,-1.864287362831972,-0.05198614022178849
1327,2007-05-28 15:00,28.399887612633577,56.213888233866264,121.54557517287682,287.99646039892707,14.590997314453148,11.357272794052129,-0.15503664704541115,11.164720407721214,0.0,6.905479264665767,-12.02646020646758,-3289.144931427616,115.75312933059257,61.03475036421075,23.172600819937202,13.607553045859595,2569.660256104095,127.82948920387754,-69.86589523576914,55.05073948183874
1333,2007-05-28 18:00,34.805025903970176,53.13403310804499,452.1928468998941,755.1569430482433,25.284448242187523,16.702843667619295,-11.724930022826006,11.316016230162289,-0.04943594394060191,9.60059556487159,-126.48444220230259,-8150.329548809634,313.88754599766463,146.7158875148293,57.27895003518856,131.81874132314098,6417.517686745492,261.1389548239513,-155.0430633093444,123.71202334756511
1339,2007-05-28 21:00,33.49955927167313,103.72949486753382,426.65329254804453,840.1960066076464,29.215692138671898,15.06473077973235,-0.19522341209598587,10.803249732822195,0.0,8.831164183174163,-42.231340451601895,-318.697707274167,232.0441752209806,4.89080015131221,63.928687415005896,50.52274000211381,249.34681563706403,347.80419956158,-5.901673883568276,96.43275532636083
1345,2007-05-29 00:00,31.08366533728761,-11.080620337159068,300.90320654558985,433.7760697860291,29.162194824218773,14.141265213317947,-0.13713186112906575,10.37633050312792,0.0,7.389384092148934,-34.01184524111486,-607.9744025621683,127.8693415563574,12.47248325425047,55.161869824444324,39.5977768764955,496.7173152995122,210.72293018830823,-14.773814577986876,39.19082183819886
1351,2007-05-29 03:00,1.0052384436484076,-70.41284167982667,2.7092230414411778,1.600278000036142,24.511376953125023,0.09041046895173141,-0.0024065424137894283,0.9503006863666752,-1.4123477272572324e-05,0.22036027999300506,0.0,-1754.3072051059398,4.003548899907804,2.2938240908635197,-15.966552143819975,0.0,86.27831212640906,0.012680711410302048,-2.46765871975596,2.8518185547402912
1357,2007-05-29 06:00,-6.804290649637071e-17,-46.081224253294494,0.3940132418955482,0.0,15.317712402343773,-5.829965407942791e-17,2.2896139020377506e-20,0.0,0.0,-1.017709565148905e-16,0.0,-1786.0860091159518,0.0,1.8567063739831575,27.131925881633677,0.0,89.05097399920032,0.0,-1.9614502749089286,0.7727479316926464
1363,2007-05-29 09:00,8.269699009366357e-17,-36.40477850417095,-0.08545968883644345,0.0,13.091760253906273,5.664011438040794e-18,-1.540921156771257e-20,0.0,0.0,7.139260639697414e-17,0.0,-1768.6478880822694,0.0,1.65466515411909,38.161683976353615,0.0,88.16937101751026,0.0,-1.7481738460350518,0.3564969136295028
1369,2007-05-29 12:00,1.4589572689932304e-16,-30.731560751486747,-0.630198628578357,0.0,11.018884277343773,6.572575165385438e-17,-2.0286319114175484e-20,0.0,0.0,1.2362923673233684e-16,0.0,-1712.432973002958,0.0,1.5778544889320418,44.866160972755,0.0,85.3049121740798,0.0,-1.677678433654955,-0.04059444590080999
1375,2007-05-29 15:00,28.41361539877118,50.34530647498649,132.33560880858732,288.618092187247,14.922845458984398,11.373566394820573,-0.15526248280634047,11.154007815635943,0.0,6.909573168802938,-13.073512180259597,-3291.6749838977858,113.28795590079156,55.92529947456545,23.244372052344545,14.785017605015483,2571.65297290002,131.1224552363259,-64.02194925794684,55.89496915586322
1381,2007-05-29 18:00,34.08603518677055,146.26035546802913,346.7924867147616,738.8095387991748,22.068200683593773,15.76480389878622,-0.13456105167391158,11.076733584500884,0.0,9.485858077091905,-63.34302798671391,-5585.296737875114,280.528635458224,108.97033275307116,59.076418206853766,68.8271464798572,4606.283057585301,271.67310346539784,-119.63469147707646,118.65513745805849
1387,2007-05-29 21:00,34.77698396055773,108.14814431276413,438.9917163957991,831.6779351145581,25.781121826171898,16.654982238484678,-23.759168948365044,11.248506134322435,-0.12528508663752919,9.66370757623211,-113.80911750302967,-8569.260902582457,334.03349308474196,151.36284377275507,59.169077897950544,119.74272266225798,6513.264024726735,278.2576283174301,-164.97524174541178,131.56630558178887
1393,2007-05-30 00:00,31.75585204279882,-47.98854167674466,332.054485975321,435.6948363060976,26.685998535156273,14.87555704124025,-38.474276039054395,10.681064137870692,-0.2156494566192443,8.008574478729075,-68.0338423445201,-772.1953720003843,154.21527746014323,128.65271007548657,22.802319254123375,73.06592192466107,-90.53882852727688,199.01944978722597,-137.52523150358704,77.65714420082958
1399,2007-05-30 03:00,1.6489444404052878,-51.85412491609131,1.3389412776100165,2.8797506218129594,18.195275878906273,0.279815882191113,1.343188590240353e-05,1.3847725087288212,0.0,0.3782037240348536,0.0,-1806.6818494822953,7.018337211407193,1.826023914083576,14.55307745174583,0.0,89.90312979034564,0.017167240688092833,-1.9287871903790144,1.6161735614681185
1405,2007-05-30 06:00,5.570863028897619e-17,-44.79969337998864,0.1186304235773732,0.0,13.602777099609398,-3.110746458336285e-17,-2.368059734047592e-20,0.0,0.0,1.1041590175671531e-16,0.0,-1784.4362540046154,0.0,1.5910170606144942,34.7990430294814,0.0,88.68593172656583,0.0,-1.6779563658461705,0.5212290243178302
1411,2007-05-30 09:00,-3.2853608849325603e-17,-34.31147698840771,-0.6049304187176665,0.0,11.509423828125023,-6.28421096615056e-17,6.152257789710543e-21,0.0,0.0,-3.2361117399508e-17,0.0,-1762.4294502248483,0.0,1.6621207467882897,45.366160411940996,0.0,87.56899451978896,0.0,-1.754571211079164,-0.11607640244762633
1417,2007-05-30 12:00,2.024778090549639e-17,-43.82884135346239,-0.3123562873686673,0.0,11.702386474609398,7.485708902700492e-17,5.888595267148744e-20,0.0,0.0,6.250802633080019e-17,0.0,-1599.8280960097443,0.0,1.508130392434318,31.032613462374577,0.0,79.48104598376119,0.0,-1.633943305804147,0.4812678511927696
1423,2007-05-30 15:00,28.917007273500364,99.05396754846267,92.43951853312933,283.8139593678273,14.261315917968773,11.85521528618994,-0.0803557567412017,11.777976009753278,0.0,7.027756105755668,-14.595180895560292,-5491.684246516909,141.09264256488493,92.68205827049279,45.901547331100495,15.699504355503677,4389.309716411903,104.69026623654764,-100.36013141551695,50.80085442228677
1429,2007-05-30 18:00,33.8214763675704,171.4197197500112,314.94713963561253,731.5314774682984,19.727166748046898,15.410398874212497,-0.16395151900924654,10.990127420190918,0.0,9.413885661000979,-50.37164148156642,-4703.5865265432985,272.11076129302717,91.02132192831544,59.59022283244994,55.58310935343825,3849.5382911378556,271.2214522078261,-101.60757479347737,116.44940993909363
1435,2007-05-30 21:00,34.78148810215629,182.17318237844222,369.21459090377164,826.0565271452051,23.111535644531273,16.653440566606722,-0.06630571642441507,11.254593985276273,0.0,9.737407082719088,-101.8304312854484,-8656.626512938863,361.0215367682312,177.44067082826814,85.44926698817622,106.39394972033952,7290.077596592396,249.54474860718418,-186.44291964820073,118.89821603357628
1441,2007-05-31 00:00,31.886292532045157,-21.702206145987653,311.71399705271176,430.03722844481456,23.971948242187523,15.046182692861095,-4.9849054959300885,10.788273547162238,-0.024431769184433877,8.012646291612917,-85.45845886949249,-8814.956178387822,181.87195735512833,167.9264092504239,30.563100277101896,88.58556642789449,7181.73848857964,173.147342141844,-175.33837614520786,80.96717349691704
1447,2007-05-31 03:00,2.1943216560674603,-40.00078096182705,1.3118547470455884,4.305375838153763,17.462335205078148,0.3892967087393664,9.64279809446469e-06,1.728265269258464,0.0,0.5347318815543294,2.228415668315681,-1825.6863285272004,7.262640685477394,2.4073708561508913,20.785482081776664,-2.3094579025858124,113.61282400524962,2.956537582627263,-2.530502629167111,1.2516201744217486
1453,2007-05-31 06:00,1.215639018410585e-16,-33.53474974711189,-0.22454395533120533,0.0,13.236535644531273,4.039166905907753e-17,1.2191689997534249e-20,0.0,0.0,1.1763652747789398e-16,0.0,-1788.637321848877,0.0,1.8244114151842805,39.50990824644301,0.0,88.81882353414133,0.0,-1.9212254193559593,0.18746410873845554
1459,2007-05-31 09:00,1.7151841677203725e-16,-29.60206544771475,-0.8141390553937349,0.0,11.029718017578148,-4.20303382920464e-18,-1.9903693347507117e-20,0.0,0.0,1.7106603242687258e-16,0.0,-1732.1990173175077,0.0,1.7401730380292066,46.57233721486163,0.0,86.0277858602079,0.0,-1.8443920252084993,-0.2515239591169616
1465,2007-05-31 12:00,-3.284106424924116e-17,-41.86361061680279,-0.5179470950507552,0.0,10.695214843750023,7.158847307466933e-17,2.1187752249855394e-20,0.0,0.0,-8.477628256158925e-17,0.0,-1478.5756189253664,0.0,1.5120208105841995,27.934433346417862,0.0,73.52199525101938,0.0,-1.667011062756521,0.495376328504298
1471,2007-05-31 15:00,28.500560250821614,145.20315745479382,42.415731781912854,260.46852274351943,13.132684326171898,11.210207015472598,-0.054101612343082334,12.50993946259233,0.0,6.9129534824768495,-7.997329869494975,-6511.018326390395,157.37272826620233,116.69661210915476,66.30105896589993,8.45834421716158,5232.385131890463,73.97734409391136,-123.85027564030518,38.98846766468312
1477,2007-05-31 18:00,33.75609798565824,179.34270476954674,308.42600188359484,730.279794390079,19.296685791015648,15.326699173828938,-0.17071809289374623,10.968571297854695,0.0,9.396410168745724,-47.94873551037594,-4535.135826023103,270.33783364540676,90.60033703456308,59.697906765238535,53.093281036329046,3706.326965044432,271.25308824503145,-101.51295128461088,116.20383275412746
1483,2007-05-31 21:00,34.78696816084748,194.44696357464602,361.5038954500151,828.9686547848805,22.941125488281273,16.668651018217414,3.6309563220336822,11.253560049875922,0.019938757603199585,9.79901492448304,-100.96020861380536,-8538.840193647566,365.90744306163606,184.6500360100168,92.38348688038207,105.39503923675197,7265.877995587126,246.279803339133,-193.21649819434916,115.59453202996562
